id;type;title;start;end
558077;EXAM;Prova Final;2024-12-11 14:10:00;2024-12-11 15:40:00
2487053;ASSIGNMENT;Introdução Paradigma POO;2024-11-12 04:00:00;2024-11-18 04:00:00
2549960;ASSIGNMENT;Lab 0 - Aquecimento;2025-10-07 04:00:00;2025-10-07 04:00:00
3675915;ASSIGNMENT;OBI II;2025-08-13 03:00:00;2025-08-31 03:00:00
11216382;ASSIGNMENT;Lista 3;2025-02-21 15:00:00;2025-03-14 16:00:00
13603969;ASSIGNMENT;Lista Parsons 4 - Vetores e strings - Java;2026-03-02 04:00:00;2026-03-03 04:00:00
18047017;ASSIGNMENT;Lab 2 - Estrutura Condicional Simples e Composta;2025-04-08 22:00:00;2025-04-22 21:55:00
19988101;ASSIGNMENT;Lab 1 - Variáveis e Estrutura Sequencial;2024-08-29 00:00:00;2024-09-25 23:55:00
23551657;ASSIGNMENT;Lista Parsons 0 - Familiarização - C;2026-03-17 16:00:00;2026-03-17 20:00:00
30196294;ASSIGNMENT;Lab 5 - Strings  e Listas;2025-06-05 22:00:00;2025-06-26 21:55:00
30983420;ASSIGNMENT;Lab 1 - Variáveis e Estrutura Sequencial;2025-02-22 04:00:00;2025-02-23 04:00:00
33003856;ASSIGNMENT;Laboratório de Programação 2;2026-02-13 12:00:00;2026-02-14 16:00:00
44931183;ASSIGNMENT;Extras 5: Listas, Strings e Vetores;2025-11-11 12:00:00;2025-11-13 12:00:00
47055644;EXAM;Exercicio Avaliativo em Sala 03;2026-04-22 20:00:00;2026-04-22 21:55:00
49713556;ASSIGNMENT;04-Ordenação (1);2026-04-10 22:10:00;2026-08-01 00:00:00
55275831;EXAM;Avaliação 2;2025-05-08 03:00:00;2025-05-08 21:35:00
56800733;ASSIGNMENT;Lab 3 - Estrutura Condicional Encadeada;2026-04-15 04:00:00;2026-05-13 04:00:00
58181749;ASSIGNMENT;Lab 2 (condicionais, while, for, do-while, break);2024-09-09 04:00:00;2024-09-20 03:00:00
58552358;ASSIGNMENT;Lab 4 – Repetição por Condição (while);2024-10-14 23:55:00;2024-10-30 23:55:00
59378267;EXAM;TP 1: Variáveis e Estrutura Sequencial;2025-09-08 22:10:00;2025-09-08 23:10:00
60645490;ASSIGNMENT;Lab 4 – Repetição por Condição (while);2025-05-12 22:10:00;2025-06-02 21:55:00
64377119;ASSIGNMENT;Lab 1 - Variáveis e Estrutura Sequencial;2025-03-21 16:00:00;2025-04-04 22:00:00
65698930;ASSIGNMENT;Lista Parsons 2 - Estruturas condicionais - Python;2026-04-01 05:00:00;2026-05-31 04:00:00
67669082;EXAM;Exercicio Avaliativo em Sala 01;2026-03-23 20:00:00;2026-03-23 21:55:00
68524205;ASSIGNMENT;Lab 2 - Estrutura Condicional Simples e Composta;2025-04-07 20:30:00;2025-04-23 20:00:00
69476235;ASSIGNMENT;Lab 7 (tipos estruturados);2025-05-20 04:00:00;2025-05-28 14:00:00
69717310;ASSIGNMENT;Lista 3 - Exercicio em Sala;2024-10-08 18:30:00;2024-10-29 18:00:00
71079933;ASSIGNMENT;Lab 0 - Primeiros passos com o Python;2025-08-11 14:00:00;2025-08-26 16:00:00
72136582;ASSIGNMENT;Lab 0 - Primeiros passos com o Python;2025-03-25 12:30:00;2025-04-02 03:55:00
78009058;EXAM;Avaliação - 3º recuperação;2025-05-23 03:00:00;2025-05-23 21:30:00
84906202;ASSIGNMENT;L22 - Recursão 2;2024-11-21 22:00:00;2024-12-15 03:55:00
86727373;ASSIGNMENT;Lab 6 - Repetição por Contagem (for);2025-06-23 18:30:00;2025-07-02 18:00:00
90098608;EXAM;TP 5: Vetores e Strings;2024-11-28 18:10:00;2024-11-28 19:30:00
91577806;ASSIGNMENT;Lista de Exercicio 1;2024-08-22 04:00:00;2024-08-31 04:00:00
94682846;ASSIGNMENT;L11 - Listas;2025-12-09 17:40:00;2025-12-17 03:55:00
96745731;ASSIGNMENT;Lista 3;2025-08-15 16:00:00;2025-08-22 16:00:00
100025084;ASSIGNMENT;Lab 5 - Strings  e Listas;2025-06-10 12:30:00;2025-07-01 12:00:00
101974528;ASSIGNMENT;Lista Parsons 2 - Estruturas condicionais - C;2026-01-17 04:00:00;2026-04-18 04:00:00
103977769;EXAM;TP 3: Estrutura Condicional Encadeada;2025-10-02 18:00:00;2025-10-02 19:30:00
116927129;EXAM;TP 5: Listas e Strings;2025-10-28 04:00:00;2025-12-17 04:00:00
118189582;ASSIGNMENT;Exercícios em Sala - Vetores;2025-10-07 04:15:00;2025-10-07 04:15:00
118979569;EXAM;TP 5: Listas e Strings;2025-06-18 20:10:00;2025-06-18 21:50:00
119249144;ASSIGNMENT;Lab 0 - Primeiros passos com o Python;2024-08-27 12:00:00;2024-10-15 12:00:00
120732249;ASSIGNMENT;Lista Parsons 1 - Estrutura Sequencial - Python;2026-03-19 22:00:00;2026-03-25 00:00:00
120765527;ASSIGNMENT;Lista Parsons 4 - Strings e listas - Python;2026-06-02 22:00:00;2026-06-03 00:00:00
120771752;ASSIGNMENT;Lista Parsons 2 - Estruturas Condicionais - Python;2026-04-09 22:00:00;2026-04-10 00:00:00
120784654;ASSIGNMENT;Lista Parsons 3 - Laço While - Python;2026-05-12 22:00:00;2026-05-13 00:00:00
120799764;ASSIGNMENT;Lista Parsons 0 - Familiarização - Python;2026-03-10 22:00:00;2026-03-11 00:00:00
124125978;ASSIGNMENT;Lista Parsons 3 - Laço while - Java;2026-06-10 21:00:00;2026-06-11 00:30:00
128387982;EXAM;Terceira Avaliação de IC 2025-1;2025-07-11 14:00:00;2025-07-11 16:15:00
131255225;EXAM;TP 1: Variáveis e Estrutura Sequencial;2026-03-25 20:00:00;2026-03-25 21:55:00
139161819;ASSIGNMENT;Lab 4 – Repetição por Condição (while);2025-10-09 21:00:00;2025-10-21 20:00:00
139506134;ASSIGNMENT;Prática 12 - Ponteiros 2;2024-10-29 05:00:00;2024-12-30 04:00:00
141984668;ASSIGNMENT;Lista Parsons 2 - Estruturas condicionais - C;2026-03-17 16:00:00;2026-03-17 20:00:00
143240609;EXAM;Avaliação - Recuperação 1º Bimestre;2026-04-15 03:00:00;2026-04-15 18:50:00
152568706;ASSIGNMENT;Laboratório de Programação 1;2026-02-12 04:00:00;2026-02-19 04:00:00
154456172;EXAM;TP 5: Listas e Strings;2025-07-01 17:55:00;2025-07-01 19:45:00
155535393;ASSIGNMENT;Algum titulo do trabalho;2024-09-17 04:05:00;2024-09-27 04:35:00
169472383;ASSIGNMENT;L01 - Python;2024-10-23 04:00:00;2025-01-16 19:00:00
169599149;EXAM;Exercicio Avaliativo em Sala 02 (LS2);2026-04-14 22:00:00;2026-04-15 00:00:00
171432432;EXAM;Exercício Avaliativo em Sala 04;2025-06-21 16:05:00;2025-06-21 18:05:00
171920069;ASSIGNMENT;L03 - Ordenação (1);2025-04-11 00:55:00;2025-04-25 22:00:00
173125248;ASSIGNMENT;Lista 6 - Exercícios em Sala;2024-11-26 04:00:00;2024-12-05 11:00:00
175473188;EXAM;AV2 3 bim;2025-10-09 03:00:00;2025-10-09 21:30:00
177956289;ASSIGNMENT;Lista Parsons 2 - Estruturas condicionais - C;2026-01-17 04:00:00;2026-02-17 04:00:00
179051500;ASSIGNMENT;Exercícios da P3;2024-12-13 04:00:00;2024-12-30 04:00:00
183313776;ASSIGNMENT;Lab 2 - Estrutura Condicional Simples e Composta;2026-04-01 18:00:00;2026-04-08 20:00:00
186479976;ASSIGNMENT;Lista Parsons 0 - Familiarização - Python;2025-09-17 03:00:00;2026-02-20 03:00:00
189778931;ASSIGNMENT;Prática da Avaliação Parcial 2;2024-11-12 07:00:00;2024-12-30 04:00:00
189808480;ASSIGNMENT;Lab 3 - Estrutura Condicional Encadeada;2025-04-28 20:10:00;2025-05-07 20:00:00
199655685;ASSIGNMENT;Vetor e String;2024-08-28 12:00:00;2024-12-06 04:00:00
202447422;ASSIGNMENT;Lista Parsons 0 - Familiarização - Java;2026-01-21 04:00:00;2026-07-31 04:00:00
205076190;ASSIGNMENT;Seleção;2025-04-18 03:00:00;2025-04-30 03:00:00
206855073;ASSIGNMENT;Lista Parsons 3 - Laço for com condição - Go;2026-02-12 03:00:00;2026-07-31 03:00:00
212566026;EXAM;Nivelamento - Algoritmos e Lógica;2026-03-06 00:00:00;2026-03-24 04:00:00
213829412;ASSIGNMENT;Lab 3 - Estrutura Condicional Encadeada;2026-04-16 20:00:00;2026-04-28 20:00:00
216359026;EXAM;TP 4: Estrutura de Repetição por Condição;2024-10-31 00:05:00;2024-10-31 01:35:00
220769621;ASSIGNMENT;L03 - Ordenação Quasilinear;2025-08-14 04:00:00;2026-01-17 04:00:00
225103435;EXAM;TP 4: Estrutura de Repetição por Condição;2025-05-28 20:10:00;2025-05-28 21:40:00
228602157;ASSIGNMENT;Lab 1 - Variáveis e Estrutura Sequencial - 2026-1;2026-03-26 18:00:00;2026-04-07 03:55:00
233732249;ASSIGNMENT;Lista Parsons 1 - Estrutura Sequencial - Python;2026-03-23 22:40:00;2026-03-24 00:00:00
233765527;ASSIGNMENT;Lista Parsons 4 - Strings e listas - Python;2026-05-27 22:00:00;2026-05-28 00:00:00
233771752;ASSIGNMENT;Lista Parsons 2 - Estruturas Condicionais - Python;2026-04-06 22:00:00;2026-04-07 00:00:00
233784654;ASSIGNMENT;Lista Parsons 3 - Laço While - Python;2026-05-06 22:00:00;2026-05-07 00:00:00
233799764;ASSIGNMENT;Lista Parsons 0 - Familiarização - Python;2026-03-09 22:00:00;2026-03-10 00:00:00
236938599;ASSIGNMENT;Lab 1 - Variáveis e Estrutura Sequencial;2025-03-20 04:00:00;2025-04-08 17:00:00
239724537;EXAM;Exercício Avaliativo em Sala 05;2025-06-24 18:00:00;2025-06-24 20:00:00
240815043;ASSIGNMENT;Extras 1: Variáveis e Estrutura Sequencial;2024-09-02 17:00:00;2024-09-30 19:00:00
242230456;EXAM;TP 4: Estrutura de Repetição por Condição;2025-06-05 12:05:00;2025-06-05 13:30:00
243283029;ASSIGNMENT;Lista 5 - Exercícios em Sala;2025-04-20 04:00:00;2025-04-20 04:00:00
244024958;ASSIGNMENT;Matriz e Vetor;2025-09-12 18:50:00;2025-12-05 03:55:00
246820913;ASSIGNMENT;5 - Repetição por Contagem (comand para - for);2026-05-06 04:00:00;2026-07-30 04:00:00
249103774;EXAM;TP 1: Variáveis e Estrutura Sequencial;2024-09-11 14:05:00;2024-09-11 15:50:00
252829611;EXAM;Teste de ambiente pré-prova;2024-11-07 21:00:00;2024-11-07 22:05:00
263606915;ASSIGNMENT;Extras 2:  Estrutura Condicional Simples e Compost;2024-09-18 04:00:00;2024-10-30 14:00:00
276200840;EXAM;Exercício Avaliativo em Sala 06;2025-07-05 15:00:00;2025-07-05 17:00:00
281499764;ASSIGNMENT;Lista Parsons 0 - Familiarização - Python;2026-03-12 14:00:00;2026-03-13 03:55:00
287785835;ASSIGNMENT;Lab 1 - Variáveis e Estrutura Sequencial;2025-03-27 19:00:00;2025-06-23 20:00:00
290983374;ASSIGNMENT;Lista 1 - Exercícios em Sala;2024-08-28 16:00:00;2024-09-30 20:00:00
292663151;EXAM;Teste de ambiente pré-prova;2024-10-03 21:00:00;2024-10-03 22:00:00
293475254;EXAM;Exercício Avaliativo em Sala 04;2025-10-22 22:00:00;2025-10-22 23:30:00
296612650;ASSIGNMENT;Lista Parsons 3 - Laço while - C;2026-05-02 04:00:00;2026-07-31 04:00:00
297768070;ASSIGNMENT;Lab 6 - Repetição por Contagem (for);2024-11-27 18:00:00;2024-12-04 17:55:00
300602731;EXAM;TP 3: Estrutura Condicional Encadeada;2024-10-09 14:10:00;2024-10-09 15:25:00
301028465;ASSIGNMENT;Lista Parsons 3 - Laço While - Python;2025-12-05 04:00:00;2026-08-14 04:00:00
301079976;ASSIGNMENT;Lista Parsons 0 - Familiarização - Python;2025-09-17 03:00:00;2026-05-08 03:00:00
317681021;ASSIGNMENT;Lab 4 - Repetição por Condição (while);2026-04-23 22:30:00;2026-05-08 03:55:00
319943357;ASSIGNMENT;Lista Parsons 4 - Strings e listas - Python;2026-04-01 09:00:00;2026-05-31 04:00:00
326898785;ASSIGNMENT;Extras 5: Listas & Strings;2025-11-12 20:00:00;2025-11-24 18:00:00
330367174;ASSIGNMENT;Lab 5 - Strings  e Listas;2025-05-31 04:00:00;2025-05-31 04:00:00
330432249;ASSIGNMENT;Lista Parsons 1 - Estrutura Sequencial - Python;2026-03-17 20:00:00;2026-03-19 22:00:00
330465527;ASSIGNMENT;Lista Parsons 4 - Strings e listas - Python;2026-06-02 20:00:00;2026-06-02 22:00:00
330471752;ASSIGNMENT;Lista Parsons 2 - Estruturas Condicionais - Python;2026-04-07 20:00:00;2026-04-07 22:00:00
330484654;ASSIGNMENT;Lista Parsons 3 - Laço While - Python;2026-05-12 20:00:00;2026-05-12 22:00:00
330499764;ASSIGNMENT;Lista Parsons 0 - Familiarização - Python;2026-03-12 20:00:00;2026-03-12 22:00:00
331502226;ASSIGNMENT;Lista extra (ordenação e busca);2025-07-08 04:00:00;2025-07-18 13:00:00
331513457;ASSIGNMENT;Extras 4 – Repetição por Condição (while);2024-09-19 04:00:00;2024-09-19 04:00:00
332626227;ASSIGNMENT;Lista 9;2025-04-11 16:00:00;2025-05-02 16:00:00
333086096;EXAM;TP 4: Estrutura de Repetição por Condição;2025-06-03 20:00:00;2025-06-03 21:30:00
342175613;EXAM;TP 6: Estrutura de Repetição por Contagem (for);2025-12-03 14:00:00;2025-12-03 16:00:00
344164635;EXAM;TP 3: Estrutura Condicional Encadeada;2025-05-07 18:10:00;2025-05-07 19:40:00
354575100;ASSIGNMENT;Lab 2 - Entrada e Saída de Dados;2026-04-09 22:30:00;2026-05-01 03:55:00
366165100;ASSIGNMENT;Lab 4 – Repetição por Condição (while);2025-05-12 18:30:00;2025-05-26 18:00:00
368109256;ASSIGNMENT;Lista 1 - Exercícios em Sala;2024-09-03 04:00:00;2024-09-13 03:55:00
384084440;ASSIGNMENT;L02 - Python (2);2025-03-26 22:00:00;2025-04-02 22:00:00
384350721;ASSIGNMENT;Lab 6 - Repetição por Contagem (for);2025-11-27 20:00:00;2025-12-02 20:00:00
384689449;ASSIGNMENT;Lista Parsons 3 - Laço while - C;2026-01-22 04:00:00;2026-07-31 04:00:00
388465005;ASSIGNMENT;Lista Parsons 2 - Estruturas condicionais - GO;2026-02-03 03:00:00;2026-10-16 03:00:00
399547841;EXAM;Exercício Avaliativo em Sala 06;2025-07-08 22:00:00;2025-07-08 23:30:00
400997612;ASSIGNMENT;Extras 3 - Estrutura Condicional Encadeada;2025-09-23 13:00:00;2025-10-10 12:00:00
401544602;ASSIGNMENT;L02 - Ordenação;2024-11-13 20:45:00;2025-01-16 19:00:00
402031508;EXAM;TP 3: Estrutura Condicional Encadeada;2025-09-30 00:10:00;2025-09-30 01:30:00
402196994;ASSIGNMENT;Extras 1: Variáveis e Estrutura Sequencial;2025-04-03 12:00:00;2025-04-23 03:55:00
407610653;EXAM;Avaliação de teste;2024-09-09 04:00:00;2024-09-30 04:00:00
414831906;ASSIGNMENT;Lista 5 - Exercícios em Sala;2024-11-04 16:00:00;2024-11-13 18:00:00
415145013;ASSIGNMENT;Lista 5 - Exercícios em Sala;2024-11-04 23:55:00;2024-11-25 23:55:00
420154243;EXAM;Exercicio Avaliativo em Sala 02;2025-04-22 22:00:00;2025-04-29 23:40:00
422457437;ASSIGNMENT;Praticando Recursividade;2025-06-11 04:00:00;2025-07-19 04:00:00
422938341;ASSIGNMENT;Lab 9 (recursão);2025-06-09 04:00:00;2025-06-21 03:55:00
431462224;EXAM;TP 5: Listas e Strings;2025-06-29 15:00:00;2025-06-29 17:00:00
431770041;ASSIGNMENT;Lista 1 - Exercícios em Sala;2025-03-20 22:00:00;2025-04-04 04:00:00
432128465;ASSIGNMENT;Lista Parsons 3 - Laço while - Python;2025-12-05 04:00:00;2026-08-14 04:00:00
434425050;ASSIGNMENT;Extras 3 - Estrutura Condicional Encadeada;2024-10-02 04:00:00;2024-10-30 14:00:00
434523756;ASSIGNMENT;Lista Encadeada 2.0;2024-10-07 04:00:00;2024-12-06 04:00:00
439094205;ASSIGNMENT;Lab 2 - Estrutura Condicional Simples e Composta;2026-04-01 20:00:00;2026-04-06 19:55:00
444815548;ASSIGNMENT;Lab 3 - Estrutura Condicional Encadeada;2026-04-16 12:00:00;2026-05-29 04:00:00
451770832;ASSIGNMENT;Lista 6 - Exercícios em Sala;2024-11-25 14:31:00;2024-12-04 14:00:00
453561769;ASSIGNMENT;Prática 03 - Operações++;2024-09-19 12:00:00;2024-12-30 04:00:00
455782020;ASSIGNMENT;Lista 5;2025-03-07 16:00:00;2025-03-15 15:55:00
455851302;EXAM;TP 5: Listas e Strings;2025-11-18 20:00:00;2025-11-18 21:00:00
458281393;ASSIGNMENT;Lista 8;2026-03-03 16:00:00;2026-03-16 02:55:00
459282688;ASSIGNMENT;Extras 1: Variáveis e Estrutura Sequencial;2024-09-12 04:00:00;2024-10-31 18:00:00
460689845;ASSIGNMENT;L04 - Árvores binárias de busca;2025-04-23 22:00:00;2025-05-12 22:00:00
463532160;EXAM;Teste;2026-03-26 04:00:00;2026-03-30 04:00:00
470021280;ASSIGNMENT;Lista 4 – Repetição por Condição (while);2024-10-31 18:00:00;2024-12-19 18:00:00
475680412;ASSIGNMENT;Lista Parsons 4 - Vetores e strings - Java;2026-05-12 22:00:00;2026-05-13 02:00:00
477539282;ASSIGNMENT;Lista extra;2025-03-21 18:10:00;2025-04-04 20:00:00
478340550;EXAM;Avaliação de Algoritmos - Etapa 02;2025-06-13 00:00:00;2025-06-14 02:00:00
486522546;EXAM;Exercicio Avaliativo em Sala 02;2025-04-08 04:00:00;2025-04-15 04:00:00
499677791;ASSIGNMENT;Condicionais;2025-07-03 22:00:00;2025-07-05 03:00:00
508365587;ASSIGNMENT;L3;2025-06-12 03:00:00;2025-10-31 03:00:00
508997849;EXAM;Avaliacao 02 - Jonas;2025-06-16 04:00:00;2025-06-16 04:00:00
511705947;EXAM;TP 6: Estrutura de Repetição por Contagem (for);2025-06-26 04:00:00;2025-06-26 04:00:00
517119003;ASSIGNMENT;L7.1 - Vetor (Listas);2025-09-04 03:00:00;2025-11-30 03:00:00
522520676;EXAM;Exercicio Avaliativo em Sala 02;2026-04-09 20:00:00;2026-04-09 21:10:00
524447222;EXAM;TP 5: Vetores e Strings;2024-11-19 22:10:00;2024-11-19 23:40:00
529099409;ASSIGNMENT;Laboratório de Programação 3;2026-02-23 04:00:00;2026-04-14 03:59:00
531598408;ASSIGNMENT;Treinamento - Sequenciais;2025-04-20 04:00:00;2025-04-20 04:00:00
534800553;ASSIGNMENT;Lab 1 - Resumo Lógica de Programação;2025-06-03 03:00:00;2025-06-30 03:00:00
536706617;ASSIGNMENT;Lista 3: Exercícios em Sala;2025-05-21 22:00:00;2025-05-28 03:55:00
536884558;ASSIGNMENT;Lista 9;2025-10-17 16:00:00;2025-10-24 16:00:00
537498399;ASSIGNMENT;Lab 2: Estrutura Condicional Simples e Composta;2024-09-16 15:00:00;2024-09-25 14:00:00
539885011;EXAM;Exercicio Avaliativo em Sala 03;2025-09-24 18:00:00;2025-10-01 18:00:00
543467155;EXAM;Primeira Avaliação de IC - Golang;2024-10-11 20:00:00;2024-10-11 22:00:00
544743263;EXAM;TP 6: Estrutura de Repetição por Contagem (for);2025-07-10 18:00:00;2025-07-10 19:45:00
553086770;EXAM;Prova Final;2025-12-16 18:00:00;2025-12-16 19:20:00
553396776;ASSIGNMENT;Lab 6 - Repetição por Contagem (for);2026-05-27 04:00:00;2026-06-23 04:00:00
558149337;ASSIGNMENT;Lista 1 - Exercícios em Sala;2024-08-29 04:00:00;2024-09-17 11:59:00
564424622;ASSIGNMENT;Extras 1: Variáveis e Estrutura Sequencial;2025-03-19 20:30:00;2025-04-02 20:00:00
565802743;ASSIGNMENT;Lab 1 - Variáveis e Estrutura Sequencial - 2026-1;2026-03-11 22:00:00;2026-04-01 22:00:00
566048772;EXAM;TP Substitutivo;2025-07-15 18:00:00;2025-07-15 20:00:00
569674718;ASSIGNMENT;Trabalho;2025-10-07 03:05:00;2025-11-08 02:55:00
578717138;EXAM;Exercício Avaliativo em Sala 04;2025-10-14 12:00:00;2025-10-14 13:35:00
580355779;EXAM;TP 1: Variáveis e Estrutura Sequencial;2025-04-02 18:00:00;2025-04-02 19:50:00
585776055;ASSIGNMENT;Lab 1 - Variáveis e Estrutura Sequencial;2024-08-29 04:00:00;2024-09-17 11:59:00
586949747;ASSIGNMENT;Lab 4 – Repetição por Condição (while);2026-04-22 18:00:00;2026-05-08 20:00:00
588077400;ASSIGNMENT;Lista Parsons 1 - Estrutura Sequencial - Python;2026-04-01 04:00:00;2026-04-30 04:00:00
590293629;ASSIGNMENT;Lab 1 - Variáveis e Estrutura Sequencial (atual);2025-03-19 22:00:00;2025-04-02 21:55:00
591941110;EXAM;Avaliação 1 - I Bimestre;2026-04-15 03:00:00;2026-04-15 18:50:00
594191575;EXAM;Avaliação Recuperação -  2º Bimestre;2025-07-30 03:00:00;2025-07-31 21:25:00
598260430;ASSIGNMENT;Lista Parsons 0 - Familiarização - C UEG-Ana;2026-01-21 04:00:00;2026-07-31 04:00:00
617246629;ASSIGNMENT;Prática 23 - Lista ligada;2024-11-23 04:00:00;2024-12-30 04:00:00
618010224;EXAM;TP 6: Estrutura de Repetição por Contagem (for);2024-12-04 18:00:00;2024-12-04 19:50:00
621749523;EXAM;TP 5: Listas e Strings;2025-06-18 18:10:00;2025-06-18 19:40:00
631605243;ASSIGNMENT;Lista 2 - Exercícios em Sala;2024-09-17 00:00:00;2024-09-25 23:55:00
648920194;ASSIGNMENT;Lab 01 - Modularização: Funções;2025-08-20 23:00:00;2025-11-05 03:55:00
651617588;EXAM;Teste de ambiente (PF);2024-12-17 21:00:00;2024-12-17 22:05:00
651949104;ASSIGNMENT;Lista 6 - Exercícios em Sala;2024-10-21 04:00:00;2024-10-22 04:00:00
652222885;ASSIGNMENT;Lab 5 - Listas, Strings e Vetores;2024-11-04 23:55:00;2024-11-25 23:55:00
657132249;ASSIGNMENT;Lista Parsons 1 - Estrutura Sequencial - Python;2026-03-26 18:00:00;2026-03-26 20:00:00
657165527;ASSIGNMENT;Lista Parsons 4 - Strings e listas - Python;2026-06-02 18:00:00;2026-06-02 20:00:00
657171752;ASSIGNMENT;Lista Parsons 2 - Estruturas Condicionais - Python;2026-04-07 18:00:00;2026-04-07 20:00:00
657184654;ASSIGNMENT;Lista Parsons 3 - Laço While - Python;2026-04-23 18:00:00;2026-04-23 20:00:00
657199764;ASSIGNMENT;Lista Parsons 0 - Familiarização - Python;2026-03-10 18:00:00;2026-03-13 20:00:00
662440429;EXAM;TP 2: Est. Condicional Simples e Composta;2025-04-23 18:15:00;2025-04-23 19:45:00
664629356;ASSIGNMENT;Lab 1 - Variáveis e Estrutura Sequencial;2025-03-19 19:00:00;2025-04-02 18:00:00
677928262;ASSIGNMENT;Lab 1 - Variáveis e Estrutura Sequencial - 2025-2;2025-08-26 20:00:00;2025-08-28 22:00:00
681552007;ASSIGNMENT;Lista 8.1;2025-04-11 16:00:00;2025-04-18 20:00:00
691987931;ASSIGNMENT;Prática 22 - Recursão 2;2024-11-22 04:00:00;2024-12-30 04:00:00
692453688;ASSIGNMENT;Extras 2:  Estrutura Condicional Simples e Compost;2025-04-15 17:00:00;2025-04-23 20:00:00
692789134;EXAM;Avaliação Substitutiva;2024-12-19 22:10:00;2024-12-20 00:00:00
694213824;EXAM;Prova Final;2025-07-03 04:00:00;2025-07-04 04:00:00
694289135;EXAM;Prova de Reposição;2024-12-19 13:15:00;2024-12-19 14:55:00
694958208;EXAM;Exercicio Avaliativo em Sala 01;2025-04-01 18:10:00;2025-04-01 18:55:00
699625651;EXAM;Avaliação 1;2026-03-19 16:10:00;2026-03-19 18:10:00
710316568;ASSIGNMENT;Lab 3 - Estrutura Condicional Encadeada;2025-05-08 18:00:00;2025-06-23 20:00:00
711368833;EXAM;Exercício Avaliativo em Sala 06;2025-12-02 18:00:00;2025-12-02 19:50:00
711619941;ASSIGNMENT;L23 - Lista ligada;2024-11-28 21:00:00;2024-12-15 03:55:00
712569661;EXAM;TP 5: Listas e Strings;2025-11-24 18:05:00;2025-11-24 19:35:00
713542732;ASSIGNMENT;Lista 6 - Recursividade e Struct;2025-09-12 16:01:00;2025-09-26 20:00:00
713727016;ASSIGNMENT;Comandos básicos em Python;2025-02-28 04:00:00;2025-03-16 03:55:00
716906103;EXAM;Exercício Avaliativo em Sala 06;2025-10-28 04:00:00;2025-12-17 04:00:00
720745080;ASSIGNMENT;Lista 10;2025-04-25 16:00:00;2025-05-02 16:00:00
725972247;ASSIGNMENT;Lista 03: Estrutura de Repetição;2026-04-08 13:00:00;2026-04-13 03:55:00
735961458;ASSIGNMENT;L16 - Matrizes;2024-10-22 23:00:00;2024-11-19 22:00:00
738214749;ASSIGNMENT;Dia 3 - For e Outras coisinhas;2025-07-23 12:00:00;2025-07-28 03:55:00
738260231;EXAM;Avaliação Final de IC 2024-2;2024-12-18 20:00:00;2024-12-18 22:15:00
745260100;ASSIGNMENT;Lab 06 - Listas, Filas e Pilhas;2025-10-07 03:00:00;2025-10-07 03:05:00
746277812;ASSIGNMENT;Primeiros exercícios;2024-09-09 14:00:00;2024-10-05 03:55:00
751582370;ASSIGNMENT;Exercício de programação;2025-10-07 03:05:00;2025-11-12 02:55:00
752342094;ASSIGNMENT;Lab 2 (condicionais, while, for, do-while, break);2025-03-26 15:00:00;2025-04-05 03:55:00
753335496;ASSIGNMENT;Lista de exercícios em Python;2025-10-07 04:05:00;2025-11-08 03:55:00
757180923;EXAM;TP 4: Estrutura de Repetição por Condição;2024-11-12 12:10:00;2024-11-12 13:10:00
759078646;ASSIGNMENT;Lista 1 - Exercícios em Sala;2024-08-29 04:00:00;2024-10-31 18:00:00
761125944;EXAM;TP 5: Vetores e Strings;2024-11-18 18:00:00;2024-11-18 19:50:00
772332446;ASSIGNMENT;Lista 4;2026-02-24 16:00:00;2026-03-16 02:55:00
777383327;ASSIGNMENT;Lista 12;2026-03-17 16:00:00;2026-03-24 02:55:00
779852215;ASSIGNMENT;Lista 2 - Exercícios em Sala;2024-09-10 04:00:00;2024-09-17 04:00:00
780965029;EXAM;Exercicio Avaliativo em Sala 02;2025-08-28 04:00:00;2025-12-17 04:00:00
781280671;ASSIGNMENT;Extras 3 - Estrutura Condicional Encadeada;2024-09-19 04:00:00;2024-09-19 04:00:00
784977564;ASSIGNMENT;Extras 6 - Repetição por Contagem (for);2024-10-21 04:00:00;2024-10-22 04:00:00
790612611;EXAM;TP 4: Estrutura de Repetição por Condição;2025-06-12 18:05:00;2025-06-12 20:00:00
793058709;ASSIGNMENT;Lista 6;2025-03-14 18:10:00;2025-03-21 16:00:00
795284755;ASSIGNMENT;Lista Parsons 0 - Familiarização - Python;2026-03-31 04:00:00;2026-05-31 04:00:00
800632824;ASSIGNMENT;L01 - Programação em C;2025-08-24 23:45:00;2025-09-08 04:00:00
801708840;EXAM;Segunda Chamada - TP 2;2024-10-29 22:10:00;2024-10-29 23:30:00
802014914;EXAM;Exercicio Avaliativo em Sala 03;2025-10-01 22:10:00;2025-10-01 23:10:00
806132249;ASSIGNMENT;Lista Parsons 1 - Estrutura Sequencial - Python;2026-03-18 20:00:00;2026-03-18 22:00:00
806165527;ASSIGNMENT;Lista Parsons 4 - Strings e listas - Python;2026-05-27 20:00:00;2026-05-27 22:00:00
806171752;ASSIGNMENT;Lista Parsons 2 - Estruturas Condicionais - Python;2026-04-01 20:00:00;2026-04-01 22:00:00
806184654;ASSIGNMENT;Lista Parsons 3 - Laço While - Python;2026-05-06 20:00:00;2026-05-06 22:00:00
808859691;ASSIGNMENT;Lista Parsons 4 - Vetores e strings - C;2026-03-31 16:00:00;2026-03-31 20:00:00
820152893;ASSIGNMENT;Lab 2;2025-06-03 03:00:00;2025-06-30 03:00:00
822353133;ASSIGNMENT;Lista 3 - Estrutura Condicional Encadeada;2024-09-30 23:55:00;2024-10-09 23:55:00
823270015;ASSIGNMENT;Lab 0 - Primeiros passos com o Python;2025-03-17 18:20:00;2025-03-25 03:00:00
823350549;ASSIGNMENT;Lab 3 - Estrutura Condicional Encadeada;2025-05-06 18:00:00;2025-05-15 18:00:00
827537839;ASSIGNMENT;Lista Parsons 4 - Vetores e strings - C;2026-03-09 03:00:00;2026-08-01 03:00:00
829105266;ASSIGNMENT;Lab 1 (Introdução a C - variáveis e operadores);2024-08-26 22:00:00;2024-09-12 03:55:00
831076482;ASSIGNMENT;Lab 0 - Primeiros passos com o Python;2025-08-11 18:00:00;2025-08-27 18:00:00
831871189;ASSIGNMENT;Dia 4 - Listas;2025-07-24 12:10:00;2025-07-27 03:55:00
834890456;ASSIGNMENT;Vetores;2025-03-27 22:00:00;2025-04-01 02:55:00
844752445;ASSIGNMENT;Lab 4 – EXTRAS;2025-05-13 22:00:00;2025-06-03 21:55:00
848295292;ASSIGNMENT;Lista 1;2026-03-20 03:00:00;2026-04-03 03:00:00
857226313;ASSIGNMENT;Lab 6 - Repetição por Contagem (for);2025-07-03 22:00:00;2025-07-14 03:55:00
861745638;ASSIGNMENT;Prática 17 - Alocação dinâmica de matrizez;2024-11-17 04:00:00;2024-12-30 04:00:00
865543783;EXAM;TP 4: Estrutura de Repetição por Condição;2025-06-03 18:05:00;2025-06-03 19:55:00
867240126;ASSIGNMENT;Lista Parsons 0 - Familiarização - Python;2026-04-13 10:00:00;2026-04-14 01:00:00
870186177;ASSIGNMENT;Lab 4 – Repetição por Condição (while);2025-05-13 22:00:00;2025-06-03 22:00:00
871017912;ASSIGNMENT;03 - Condicionais Simples e Compostas;2026-04-27 04:00:00;2026-07-30 04:00:00
871248161;ASSIGNMENT;Lab 6 (alocação dinâmica de memória);2024-10-07 04:00:00;2024-10-16 22:00:00
873060695;ASSIGNMENT;Lab 0 - Primeiros passos com o Python;2026-03-09 20:00:00;2026-03-30 19:55:00
874788117;EXAM;Exercicio Avaliativo em Sala 03;2026-04-27 22:00:00;2026-04-28 00:00:00
875245120;ASSIGNMENT;Lab 0 – Primeiros passos com o Python;2025-04-23 22:00:00;2025-05-05 03:55:00
877980308;ASSIGNMENT;L05 - Árvores binárias de busca (2);2025-04-25 22:00:00;2025-05-12 22:00:00
886043830;EXAM;Avaliação 2;2026-04-14 16:10:00;2026-04-14 19:30:00
892112875;EXAM;Exercicio Avaliativo em Sala 02;2025-04-29 17:55:00;2025-04-29 19:45:00
894998937;EXAM;TP 2: Est. Condicional Simples e Composta;2024-09-28 14:00:00;2024-09-28 15:30:00
899166503;ASSIGNMENT;Teste;2026-02-23 03:00:00;2027-02-24 03:00:00
903431226;EXAM;Exercicio Avaliativo em Sala 01;2025-08-26 12:00:00;2025-08-26 13:15:00
906907063;ASSIGNMENT;Lab 0 - Primeiros passos com o Python;2025-08-19 20:00:00;2025-08-21 22:00:00
907830564;ASSIGNMENT;06-Árvores binárias de busca;2026-04-17 04:00:00;2026-07-31 04:00:00
913003887;ASSIGNMENT;Lab 1 - Variáveis e Estrutura Sequencial;2025-04-03 04:00:00;2025-04-20 04:00:00
915622173;ASSIGNMENT;Lab 10 (listas);2025-06-20 04:00:00;2025-07-04 14:00:00
916814568;ASSIGNMENT;L1.3;2025-04-10 03:00:00;2025-12-01 03:00:00
919402928;EXAM;Exercício Avaliativo em Sala 05;2025-11-11 22:00:00;2025-11-11 23:00:00
919495139;EXAM;TP 4: Estrutura de Repetição por Condição;2025-10-29 14:00:00;2025-10-29 16:00:00
925107708;ASSIGNMENT;Laboratório de Programação 3;2026-02-20 12:00:00;2026-02-20 23:00:00
930501991;EXAM;Exercício Avaliativo em Sala 05;2025-06-16 18:10:00;2025-06-16 19:40:00
934070512;ASSIGNMENT;Lab 4 – Repetição por Condição (while);2025-08-15 04:00:00;2025-12-13 04:00:00
940594077;EXAM;Exercício Avaliativo em Sala 06;2026-06-17 04:00:00;2026-06-17 04:00:00
940910820;ASSIGNMENT;Lab 2 - Estrutura Condicional Simples e Composta;2025-09-15 22:00:00;2025-09-17 22:00:00
951496494;EXAM;Teste de ambiente;2024-12-12 21:00:00;2024-12-12 22:00:00
956094370;ASSIGNMENT;Lista Parsons 3 - Laço while - Java;2026-05-11 22:00:00;2026-05-12 02:00:00
957220220;ASSIGNMENT;Lab 3 - Estrutura Condicional Encadeada;2025-05-06 12:00:00;2025-05-15 12:00:00
960580972;EXAM;Exercicio Avaliativo em Sala 03;2025-05-15 17:50:00;2025-05-15 19:45:00
962279459;EXAM;Lista 2 - Grupo Controle;2025-11-18 20:45:00;2025-11-18 21:45:00
970509146;ASSIGNMENT;Lista 7 - ponteiro - pt 1;2025-10-02 19:20:00;2025-10-10 16:00:00
970925662;ASSIGNMENT;Lista Parsons 0 - Familiarização - Java;2026-03-02 04:00:00;2026-03-03 04:00:00
980790891;EXAM;TP 2: Est. Condicional Simples e Composta;2025-04-26 14:05:00;2025-04-26 16:05:00
982745664;EXAM;TP 6: Estrutura de Repetição por Contagem (for);2025-12-02 00:10:00;2025-12-02 01:30:00
983089942;ASSIGNMENT;Lab 0 - Primeiros passos com o Python;2024-08-26 04:00:00;2024-10-31 04:00:00
994931191;ASSIGNMENT;L08 - Simulado de 24/set;2024-09-25 20:20:00;2024-10-03 22:00:00
995705013;ASSIGNMENT;Lista Parsons 1 - Estrutura sequencial - C;2026-01-20 03:00:00;2026-02-18 03:00:00
996981499;ASSIGNMENT;L05 - Prática;2025-11-06 23:30:00;2025-11-24 04:00:00
997689387;ASSIGNMENT;Lab 5 (Vetores e Matrizes);2025-04-25 16:00:00;2025-05-05 03:55:00
1003782500;ASSIGNMENT;Lab 1 - Variáveis e Estrutura Sequencial - 2025-2;2025-08-25 23:00:00;2025-09-02 00:00:00
1006956180;ASSIGNMENT;Lista Parsons 2 - Estruturas condicionais - Java;2026-02-27 04:00:00;2026-02-28 04:00:00
1030033026;EXAM;Exercício Avaliativo em Sala 04;2025-10-21 18:00:00;2025-10-23 20:00:00
1032517897;EXAM;Exercicio Avaliativo em Sala 01;2025-08-26 22:00:00;2025-08-26 23:15:00
1032867225;ASSIGNMENT;L17 - Alocação dinâmica de matrizez;2024-10-29 22:00:00;2024-11-19 22:00:00
1037344655;ASSIGNMENT;Lab 2: Estrutura Condicional Simples e Composta;2024-09-17 00:00:00;2024-09-25 23:55:00
1042891639;ASSIGNMENT;Extras 3 - Estrutura Condicional Encadeada;2025-05-06 04:00:00;2025-05-30 04:00:00
1043129260;ASSIGNMENT;Extras 6 - Repetição por Contagem (for);2025-05-05 04:00:00;2025-05-30 04:00:00
1043433405;ASSIGNMENT;Lab 4 – Repetição por Condição (while);2025-10-02 22:00:00;2025-12-09 22:00:00
1043490568;EXAM;TP 2: Est. Condicional Simples e Composta;2025-04-29 12:05:00;2025-04-29 13:05:00
1055039802;ASSIGNMENT;Lab 5 - Strings  e Listas;2025-10-30 18:00:00;2025-11-20 20:00:00
1055145681;EXAM;Prova Final;2025-10-28 04:00:00;2025-12-17 04:00:00
1068114912;EXAM;Treino de prova 1;2024-10-30 14:45:00;2024-10-30 15:10:00
1070685714;ASSIGNMENT;Lab 4 – Repetição por Condição (while);2025-05-20 12:15:00;2025-06-05 12:00:00
1073083531;ASSIGNMENT;Lab 4 – Repetição por Condição (while);2025-05-20 18:00:00;2025-06-05 17:55:00
1082293595;ASSIGNMENT;Lab 7 (tipos estruturados);2024-10-14 04:00:00;2024-10-30 03:55:00
1082740005;ASSIGNMENT;L09 - Opcionais 2;2024-09-25 22:20:00;2024-10-03 22:00:00
1096275897;ASSIGNMENT;Lista 5;2026-04-17 17:30:00;2026-04-24 16:00:00
1105865781;ASSIGNMENT;L04 - Laços de repetição;2024-09-10 23:00:00;2024-09-17 22:00:00
1107611404;ASSIGNMENT;Lab 1 - Variáveis e Estrutura Sequencial;2025-08-14 12:30:00;2025-08-28 12:00:00
1118514683;ASSIGNMENT;Lab 2 - Estrutura Condicional Simples e Composta;2025-04-22 17:55:00;2025-06-23 20:00:00
1119231843;ASSIGNMENT;L06 - Laços de repetição 2;2024-09-17 22:00:00;2024-09-26 22:00:00
1122516883;EXAM;Exercicio Avaliativo em Sala 01;2025-04-08 18:00:00;2025-04-08 19:45:00
1124394039;ASSIGNMENT;Lista Parsons 2 - Estruturas condicionais - Java;2026-04-17 04:00:00;2026-04-24 04:00:00
1125650323;EXAM;TP 6: Estrutura de Repetição por Contagem (for);2024-12-10 18:10:00;2024-12-10 19:40:00
1130557159;ASSIGNMENT;L14 - Vetores (e ponteiros também);2024-10-15 23:00:00;2024-11-05 03:55:00
1133140519;EXAM;Teste de Ambiente (sub);2024-12-19 20:00:00;2024-12-19 22:05:00
1135515104;ASSIGNMENT;Lista 18;2026-04-07 16:00:00;2026-04-14 16:00:00
1137243706;EXAM;Exercício Avaliativo em Sala 05;2025-06-26 12:05:00;2025-06-26 13:45:00
1140144039;ASSIGNMENT;Lista Parsons 1 - Estrutura sequencial - Java;2026-02-26 04:00:00;2026-07-22 04:00:00
1143556897;ASSIGNMENT;Lista Parsons 3 - Laço while - Python;2026-04-01 06:00:00;2026-05-31 04:00:00
1143914523;ASSIGNMENT;Lab 0 - Primeiros passos com o Python;2025-03-17 20:30:00;2025-03-31 20:00:00
1147927607;ASSIGNMENT;Lab 0 - Primeiros passos com o Python;2024-08-07 04:00:00;2024-08-31 04:00:00
1156410820;EXAM;Avaliação 2;2025-05-23 16:10:00;2025-05-23 19:30:00
1157495957;ASSIGNMENT;Lista 4 - Struct;2025-08-22 16:00:00;2025-08-29 20:00:00
1160973286;ASSIGNMENT;Lab 5 - Strings  e Listas;2025-11-05 18:00:00;2025-11-24 18:00:00
1169273231;ASSIGNMENT;Lab 0 - Primeiros passos com o Python - 2025-2;2025-08-12 22:00:00;2025-08-18 22:00:00
1173508396;ASSIGNMENT;Lab 0 – Primeiros passos com o Python-IF-CPA;2026-03-06 03:00:00;2026-03-31 03:00:00
1177447002;ASSIGNMENT;L06 - Vetores;2026-04-29 14:00:00;2026-05-04 14:00:00
1180010659;ASSIGNMENT;Lab 4 – Extras;2025-05-13 20:00:00;2025-06-03 21:55:00
1181416409;ASSIGNMENT;Teste;2026-02-01 04:00:00;2026-02-14 04:00:00
1188295103;EXAM;Simulado AP1;2026-04-13 13:15:00;2026-04-13 14:35:00
1190452385;ASSIGNMENT;Lista Parsons 0 - Familiarização - C UEG-GOI;2026-01-21 04:00:00;2026-07-31 10:00:00
1191269479;ASSIGNMENT;Lab 6 - Repetição por Contagem (for);2025-11-20 00:10:00;2025-12-02 00:10:00
1195428137;EXAM;TP 3: Estrutura Condicional Encadeada;2025-10-02 20:00:00;2025-10-02 21:10:00
1203339560;ASSIGNMENT;Lab 3 - Estrutura Condicional Encadeada;2024-10-08 05:00:00;2024-10-15 16:00:00
1206076487;EXAM;Exercicio Avaliativo em Sala 01;2026-03-23 04:00:00;2026-03-23 04:00:00
1210755211;ASSIGNMENT;Lab 0 - Primeiros passos com o Python;2025-03-25 18:00:00;2025-06-23 20:00:00
1212243054;ASSIGNMENT;Lista Parsons 3 - Laço while - C;2026-01-22 04:00:00;2026-07-31 04:00:00
1214541040;EXAM;Exercício Avaliativo em Sala 04;2025-10-21 20:00:00;2025-10-21 21:30:00
1218678305;EXAM;Prova Final;2025-07-17 17:55:00;2025-07-17 19:45:00
1225256427;EXAM;Exercicio Avaliativo em Sala 02;2025-04-14 22:15:00;2025-04-14 23:45:00
1230946871;ASSIGNMENT;Extras 2 - Estrutura Condicional Simples e Compost;2025-05-06 04:00:00;2025-05-30 04:00:00
1231442704;ASSIGNMENT;Lista Parsons 1 - Estrutura Sequencial - Python;2026-04-13 10:00:00;2026-04-14 01:00:00
1231594463;EXAM;Exercicio Avaliativo em Sala 02;2026-04-06 20:00:00;2026-04-06 21:55:00
1232319155;ASSIGNMENT;Lista de Exercícios I;2025-02-24 04:00:00;2025-04-30 04:00:00
1233570240;EXAM;TP Substutivo;2025-07-10 18:10:00;2025-07-10 20:00:00
1233986177;ASSIGNMENT;L01 - Python;2025-05-05 05:00:00;2025-05-31 03:57:00
1235568857;ASSIGNMENT;Lab 5 - Strings  e Listas;2025-11-10 22:00:00;2025-11-17 22:00:00
1236017554;ASSIGNMENT;Lab 5 - Strings  e Listas;2025-06-05 20:00:00;2025-06-26 20:00:00
1240214349;ASSIGNMENT;Extras 4 – Repetição por Condição (while);2024-10-31 19:30:00;2024-11-12 18:00:00
1245133251;ASSIGNMENT;Lista 6 - Exercícios em Sala;2024-11-25 18:00:00;2024-11-29 18:00:00
1248195159;ASSIGNMENT;Lista 6 - Exercícios em Sala;2024-11-28 18:00:00;2024-12-19 04:00:00
1248733289;ASSIGNMENT;03-Python (nível 2);2026-03-26 04:20:00;2026-07-31 04:00:00
1251504598;ASSIGNMENT;Lista 4 – Repetição por Condição (while);2024-10-29 04:00:00;2024-11-13 03:55:00
1251770065;ASSIGNMENT;L01 - Python;2025-03-24 22:20:00;2025-03-31 22:00:00
1257995333;EXAM;Exercício Avaliativo em Sala 06;2025-06-30 20:10:00;2025-06-30 21:40:00
1264445689;ASSIGNMENT;Lista 6;2026-02-24 16:00:00;2026-03-16 02:55:00
1270074256;EXAM;Exercício Avaliativo em Sala 05;2025-11-13 18:00:00;2025-11-13 19:45:00
1272442827;EXAM;TP 6: Estrutura de Repetição por Contagem (for);2025-07-10 22:00:00;2025-07-10 23:30:00
1272731572;EXAM;Substitutiva da P1;2024-11-22 20:05:00;2024-11-22 22:00:00
1274027318;ASSIGNMENT;Segunda Lista de Exercícios ABI 01;2026-04-27 20:00:00;2026-06-05 18:00:00
1278357090;EXAM;Exercicio Avaliativo em Sala 01;2025-03-31 18:15:00;2025-03-31 19:20:00
1279611022;EXAM;Exercício Avaliativo em Sala 06;2025-11-27 12:00:00;2025-11-27 13:45:00
1280193446;EXAM;Avaliação Final;2024-12-17 22:05:00;2024-12-18 00:05:00
1280950416;EXAM;Exercicio Avaliativo em Sala 03;2025-09-30 18:00:00;2025-09-30 19:30:00
1293569040;ASSIGNMENT;Prática 10 - Opcionais 3;2024-10-04 05:00:00;2024-12-30 04:00:00
1295407968;ASSIGNMENT;Lista Parsons 2 - Estruturas Condicionais - Python;2026-03-10 05:00:00;2026-07-30 05:00:00
1298080281;EXAM;TP 4: Estrutura de Repetição por Condição;2025-10-23 00:10:00;2025-10-23 01:35:00
1303748754;ASSIGNMENT;Lista 2;2026-03-26 16:00:00;2026-04-10 16:00:00
1322228289;EXAM;TP 1: Variáveis e Estrutura Sequencial;2025-04-08 18:10:00;2025-04-08 19:40:00
1323602884;EXAM;TP Substitutivo;2024-12-12 18:10:00;2024-12-12 19:40:00
1330270560;ASSIGNMENT;Lab 3 - Estrutura Condicional Encadeada;2025-04-21 04:00:00;2025-04-22 04:00:00
1330463191;ASSIGNMENT;L05 - Árvores binárias de busca;2025-10-25 21:00:00;2026-01-19 04:00:00
1337574119;ASSIGNMENT;Lista Parsons 4 - Vetores e strings - C;2026-03-08 04:00:00;2026-07-31 03:00:00
1343530971;ASSIGNMENT;asdasd;2025-11-25 03:00:00;2025-11-30 03:00:00
1345148399;EXAM;TP 2: Est. Condicional Simples e Composta;2025-04-22 22:00:00;2025-04-22 23:40:00
1350606727;ASSIGNMENT;Lab 8 (arquivos);2024-10-28 07:00:00;2024-12-02 03:55:00
1352205893;EXAM;TP 1: Variáveis e Estrutura Sequencial;2025-05-07 22:30:00;2025-05-08 00:20:00
1354510279;ASSIGNMENT;L4;2025-04-05 03:00:00;2025-04-06 02:50:00
1354865879;EXAM;TP 2: Est. Condicional Simples e Composta;2026-04-14 20:00:00;2026-04-14 21:20:00
1360063648;ASSIGNMENT;Lista 1 - Exercícios em Sala;2024-08-28 14:23:00;2024-10-01 03:55:00
1360850546;ASSIGNMENT;Lab 1 - Variáveis e Estrutura Sequencial;2024-08-28 04:00:00;2024-09-12 03:55:00
1362897364;ASSIGNMENT;L02 - Operações;2024-09-03 21:57:00;2024-09-10 22:00:00
1366740385;ASSIGNMENT;L01 - Programação em C;2026-03-27 13:55:00;2026-04-02 03:55:00
1367964601;ASSIGNMENT;Lista Parsons 0 - Familiarização - Java;2026-04-08 22:00:00;2026-04-09 01:30:00
1368896081;EXAM;Avaliação 1 - I Bimestre;2025-05-07 03:00:00;2025-05-07 20:55:00
1374950769;EXAM;Exercicio Avaliativo em Sala 01;2026-03-24 12:15:00;2026-03-24 13:00:00
1377166076;ASSIGNMENT;Lista 3 - Estrutura Condicional Encadeada;2024-10-03 04:00:00;2024-10-22 11:55:00
1378283076;EXAM;TP 1: Variáveis e Estrutura Sequencial;2025-08-28 22:00:00;2025-08-28 23:30:00
1383123868;ASSIGNMENT;Lista 0;2025-03-17 04:00:00;2025-04-04 04:00:00
1384449494;ASSIGNMENT;Lista 2;2026-02-10 17:00:00;2026-03-16 02:55:00
1386590757;EXAM;TP 3: Estrutura Condicional Encadeada;2025-10-01 18:00:00;2025-10-01 19:00:00
1390485223;ASSIGNMENT;L02 - Programação em C;2026-03-27 14:00:00;2026-04-02 03:55:00
1390487716;ASSIGNMENT;Lista Parsons 3 - Laço for com condição - Go;2026-04-17 18:00:00;2026-04-17 20:00:00
1403360385;ASSIGNMENT;Lista 3: Exercícios em Sala;2025-05-22 04:00:00;2025-05-29 03:55:00
1404891990;EXAM;Terceira Avaliação IC 2024-2;2024-12-13 20:00:00;2024-12-13 22:00:00
1405335540;ASSIGNMENT;Lista Parsons 0 - Familiarização - Java;2026-04-08 00:30:00;2026-04-08 01:30:00
1407130552;ASSIGNMENT;Lab 1 - Variáveis e Estrutura Sequencial - 2026-1;2026-03-12 12:00:00;2026-05-01 03:55:00
1407437764;ASSIGNMENT;Lab 0 - Primeiros passos com o Python;2024-08-21 04:00:00;2024-08-31 04:00:00
1407477388;EXAM;TP 3: Estrutura Condicional Encadeada;2025-09-25 12:15:00;2025-09-25 13:45:00
1415980104;ASSIGNMENT;trampo;2025-10-07 03:05:00;2025-11-08 02:55:00
1418175282;ASSIGNMENT;Lista 6 - Exercícios em Sala;2024-11-27 23:55:00;2024-12-09 23:55:00
1423088982;EXAM;Lista 2 - Grupo Folha com Respostas;2025-11-18 20:45:00;2025-11-18 21:45:00
1424454937;ASSIGNMENT;Extras 1: Variáveis e Estrutura Sequencial;2024-09-13 04:00:00;2024-09-17 16:00:00
1425567750;ASSIGNMENT;Lista Parsons 1 - Estrutura sequencial - Java;2026-03-02 04:00:00;2026-03-03 04:00:00
1425948560;EXAM;EXAME FINAL;2025-04-21 03:00:00;2025-04-21 03:55:00
1429490711;ASSIGNMENT;Lista exercício - Estrutura Condicional Python;2026-03-25 04:00:00;2026-05-31 04:00:00
1431162153;EXAM;AP1 - P2;2026-04-22 13:00:00;2026-04-22 14:50:00
1432344045;EXAM;Exercicio Avaliativo em Sala 02;2025-04-14 22:15:00;2025-04-14 23:45:00
1434330372;ASSIGNMENT;04 - Estrutura Condicional Encadeada;2025-05-05 04:00:00;2025-07-30 04:00:00
1435668516;EXAM;Exercício Avaliativo em Sala 04;2025-05-26 20:10:00;2025-05-26 21:10:00
1437035609;ASSIGNMENT;Lista 1;2025-02-02 04:00:00;2025-03-16 04:00:00
1438022330;EXAM;Exercício Avaliativo em Sala 05;2025-11-17 22:00:00;2025-11-17 23:00:00
1443248998;EXAM;TP 6: Estrutura de Repetição por Contagem (for);2024-12-04 14:10:00;2024-12-04 15:40:00
1444029046;ASSIGNMENT;L02 - Ordenação;2025-08-14 04:00:00;2026-01-16 04:00:00
1449024969;EXAM;Prova Final;2025-07-17 20:00:00;2025-07-17 21:30:00
1449423051;ASSIGNMENT;Lista de Exercício - Estruturas Condicionais;2026-03-02 18:00:00;2026-03-14 03:56:00
1453381243;EXAM;TP 3: Estrutura Condicional Encadeada;2025-05-20 17:55:00;2025-05-20 19:45:00
1453560904;ASSIGNMENT;Lab 2 - Estrutura Condicional Simples e Composta;2026-04-01 22:00:00;2026-04-13 22:00:00
1456744997;ASSIGNMENT;Lab 1 - Variáveis e Estrutura Sequencial;2025-04-23 23:00:00;2025-05-07 03:55:00
1460965527;ASSIGNMENT;Lista Parsons 4 - Strings e listas - Python;2025-12-18 04:00:00;2026-08-28 04:00:00
1461279409;ASSIGNMENT;Lab 6 - Repetição por Contagem (for);2025-11-18 22:00:00;2025-12-09 22:00:00
1462403131;EXAM;TP 2: Est. Condicional Simples e Composta;2025-05-06 17:55:00;2025-05-06 19:45:00
1467359273;ASSIGNMENT;Lab 2: Estrutura Condicional Simples e Composta;2024-09-18 18:00:00;2024-09-25 17:55:00
1474961153;ASSIGNMENT;EXERCICIOS EXTRAS - SEM LAB;2024-09-29 04:00:00;2024-09-29 04:00:00
1482481100;ASSIGNMENT;Lista Parsons 2 - Estruturas condicionais - Java;2026-03-02 04:00:00;2026-03-03 04:00:00
1486685913;EXAM;Avaliação II - 2º Bimestre;2025-07-24 03:00:00;2025-07-24 21:25:00
1487738702;EXAM;uma avaliacao;2025-09-30 03:00:00;2025-09-30 03:00:00
1489132249;ASSIGNMENT;Lista Parsons 1 - Estrutura Sequencial - Python;2025-09-18 03:00:00;2026-02-20 03:00:00
1489284654;ASSIGNMENT;Lista Parsons 3 - Laço While - Python;2025-12-05 04:00:00;2026-08-14 04:00:00
1489799764;ASSIGNMENT;Lista Parsons 0 - Familiarização - Python;2025-09-17 03:00:00;2026-02-20 03:00:00
1489871752;ASSIGNMENT;Lista Parsons 2 - Estruturas Condicionais - Python;2025-12-22 03:00:00;2026-02-19 03:00:00
1489965527;ASSIGNMENT;Lista Parsons 4 - Strings e listas - Python;2025-12-18 04:00:00;2026-08-28 04:00:00
1494696400;EXAM;TP 1: Variáveis e Estrutura Sequencial;2026-03-30 22:10:00;2026-03-30 23:45:00
1497227346;ASSIGNMENT;L24 - Lista ligada e pilha;2024-12-03 22:00:00;2024-12-15 03:55:00
1505178393;EXAM;TP Substitutivo;2025-12-04 00:10:00;2025-12-04 01:30:00
1511497596;ASSIGNMENT;Prática 25 - Lista ligada e fila;2024-11-25 04:00:00;2024-12-30 04:00:00
1521005683;EXAM;Prova 1 Alternativa 2;2024-11-01 14:45:00;2024-11-01 16:15:00
1523534312;ASSIGNMENT;Lab 3.2 - Estrutura Condicional Encadeada;2026-04-23 22:30:00;2026-05-10 04:00:00
1525512621;EXAM;TP 2: Est. Condicional Simples e Composta;2025-04-29 18:00:00;2025-04-29 19:50:00
1533354429;ASSIGNMENT;Lista Parsons 3 - Laço while - C;2026-01-22 04:00:00;2026-07-31 04:00:00
1533586532;EXAM;TP 4: Estrutura de Repetição por Condição;2025-10-29 22:00:00;2025-10-29 23:10:00
1535476919;ASSIGNMENT;Lista Parsons 4 - Strings e listas - Python;2026-03-10 05:00:00;2026-07-30 05:00:00
1536419152;EXAM;Exercicio Avaliativo em Sala 02;2025-04-24 18:00:00;2025-04-24 19:40:00
1538606187;ASSIGNMENT;Teste;2025-10-01 03:00:00;2025-10-31 03:00:00
1538637385;EXAM;TP 1: Variáveis e Estrutura Sequencial;2024-09-17 18:00:00;2024-09-17 19:15:00
1549509002;EXAM;TP 4: Estrutura de Repetição por Condição;2025-06-03 22:00:00;2025-06-03 23:30:00
1552792072;EXAM;TP 1: Variáveis e Estrutura Sequencial;2025-04-03 21:55:00;2025-04-03 23:40:00
1553023344;ASSIGNMENT;Lista Parsons 1 - Estrutura sequencial - C;2026-03-17 16:00:00;2026-03-17 20:00:00
1554089676;ASSIGNMENT;Lab 2 - Estrutura Condicional Simples e Composta;2026-03-31 12:15:00;2026-04-30 11:50:00
1554597768;ASSIGNMENT;Lab 5 - Vetores e Strings;2025-04-20 04:00:00;2025-04-20 04:00:00
1555373277;ASSIGNMENT;Lab 2 - Estrutura Condicional Simples e Composta;2026-03-31 20:00:00;2026-04-30 19:55:00
1565467809;EXAM;Exercicios novos;2025-04-01 04:00:00;2025-04-08 04:00:00
1566663640;EXAM;Exercicio Avaliativo em Sala 01;2025-04-01 20:05:00;2025-04-01 21:15:00
1568494118;ASSIGNMENT;Lab 2 - Estrutura Condicional Simples e Composta;2024-09-10 04:00:00;2024-09-17 04:00:00
1572751599;ASSIGNMENT;Vetor e String;2025-08-27 16:00:00;2025-12-06 03:55:00
1574433768;ASSIGNMENT;Lab 3 - Estrutura Condicional Encadeada;2024-09-30 23:55:00;2024-10-09 23:55:00
1584167357;EXAM;Exercicio Avaliativo em Sala 01;2025-08-27 14:00:00;2025-08-27 16:00:00
1591374609;ASSIGNMENT;L02 - Condicionais e laços;2025-09-01 22:45:00;2025-09-15 04:00:00
1592543394;ASSIGNMENT;Lista 4 – Repetição por Condição (while);2024-10-17 22:00:00;2024-11-01 03:55:00
1594949571;ASSIGNMENT;Lista Parsons 1 - Estrutura sequencial - C;2026-01-19 04:00:00;2026-04-18 04:00:00
1596959240;EXAM;TP 5: Listas e Strings;2025-06-26 20:00:00;2025-06-26 21:30:00
1601922340;ASSIGNMENT;Lab 3.1 - Estrutura Condicional Composta;2026-04-16 22:30:00;2026-05-01 04:00:00
1620513090;EXAM;Exercicio Avaliativo em Sala 03;2025-09-30 20:00:00;2025-09-30 22:00:00
1623047129;ASSIGNMENT;Extras 6 - Repetição por Contagem (for);2024-11-28 18:00:00;2024-12-18 04:00:00
1629586709;ASSIGNMENT;Lab 5 - Strings  e Listas;2025-06-02 22:10:00;2025-06-18 21:55:00
1636325571;ASSIGNMENT;Lab 2 - Estrutura Condicional Simples e Composta;2026-04-01 04:00:00;2026-04-19 04:00:00
1647295653;ASSIGNMENT;Estruturas Condicionais 2;2026-03-02 18:00:00;2026-03-14 03:59:00
1648412618;ASSIGNMENT;L07 - Exercícios para autoavaliação;2024-09-19 22:25:00;2024-10-03 22:00:00
1652909682;EXAM;Lab Cadastro (Gabriel);2025-05-08 04:00:00;2025-05-09 04:00:00
1657842712;EXAM;Exercício Avaliativo em Sala 05;2025-11-17 14:00:00;2025-11-17 16:00:00
1666921033;ASSIGNMENT;Lab 6 - Repetição por Contagem (for);2024-11-28 18:00:00;2024-12-18 19:00:00
1667045003;ASSIGNMENT;Lab 2 - Estrutura Condicional Simples e Composta;2025-04-07 18:30:00;2025-04-23 18:00:00
1668824016;ASSIGNMENT;Lab 0 - Primeiros passos com o Python;2024-08-22 04:00:00;2024-11-30 04:00:00
1668952436;ASSIGNMENT;Lab 2 - Estrutura Condicional Simples e Composta;2025-04-10 18:30:00;2025-04-24 17:00:00
1670416974;ASSIGNMENT;Ordenação (introdução);2024-11-27 12:00:00;2024-11-30 03:55:00
1672914471;ASSIGNMENT;Lab 3 - Estrutura Condicional Encadeada;2024-09-30 04:00:00;2024-10-09 14:00:00
1673289006;EXAM;TP 1: Variáveis e Estrutura Sequencial;2024-09-17 22:10:00;2024-09-17 23:30:00
1676560405;ASSIGNMENT;Lab 3 - Estrutura Condicional Encadeada;2024-09-19 04:00:00;2024-09-19 04:00:00
1683421714;EXAM;Exercicio Avaliativo em Sala 02;2026-04-06 04:00:00;2026-04-06 04:00:00
1684962522;ASSIGNMENT;Lab 6 - Repetição por Contagem (for);2025-07-03 12:20:00;2025-07-15 12:00:00
1686127217;ASSIGNMENT;Lab 0 - Primeiros passos com o Python;2025-08-12 12:00:00;2025-08-13 14:00:00
1687078429;ASSIGNMENT;Lab 1.1 - Variáveis e Estrutura Sequencial;2025-03-26 21:00:00;2025-12-01 03:00:00
1699858289;EXAM;TP 3: Estrutura Condicional Encadeada;2025-10-06 22:00:00;2025-10-07 00:10:00
1701383412;EXAM;Exercício Avaliativo em Sala 06;2025-06-30 18:10:00;2025-06-30 19:40:00
1704193807;ASSIGNMENT;Extras 1: Variáveis e Estrutura Sequencial;2024-08-29 00:00:00;2024-09-11 23:55:00
1714672351;EXAM;Segunda Avaliação de IC 2024-2;2024-11-27 20:00:00;2024-11-27 22:00:00
1719349602;ASSIGNMENT;Lab 4 – Repetição por Condição (while);2024-10-31 19:30:00;2024-12-19 18:00:00
1722230707;EXAM;TP 4: Estrutura de Repetição por Condição;2025-06-21 14:00:00;2025-06-21 16:00:00
1723132249;ASSIGNMENT;Lista Parsons 1 - Estrutura Sequencial - Python;2026-03-25 18:00:00;2026-03-25 20:00:00
1723284654;ASSIGNMENT;Lista Parsons 3 - Laço While - Python;2026-04-22 18:00:00;2026-04-22 20:00:00
1723799764;ASSIGNMENT;Lista Parsons 0 - Familiarização - Python;2026-03-16 18:00:00;2026-03-16 20:00:00
1723871752;ASSIGNMENT;Lista Parsons 2 - Estruturas Condicionais - Python;2026-04-01 18:00:00;2026-04-01 19:00:00
1723965527;ASSIGNMENT;Lista Parsons 4 - Strings e listas - Python;2026-05-27 18:00:00;2026-05-27 20:00:00
1729935731;ASSIGNMENT;Lista Parsons 4 - Vetores e strings - C;2026-03-09 03:00:00;2026-07-31 03:00:00
1741859735;ASSIGNMENT;Lab 6 - Repetição por Contagem (for);2024-11-26 04:00:00;2024-12-05 11:00:00
1742458435;ASSIGNMENT;Lab 0 - Primeiros passos com o Python - 2026-1;2026-03-09 04:00:00;2026-04-12 04:00:00
1749536532;EXAM;TP 3: Estrutura Condicional Encadeada;2024-10-22 12:10:00;2024-10-22 13:20:00
1750402951;ASSIGNMENT;Lista 1;2025-04-03 16:00:00;2025-04-03 20:00:00
1761837549;EXAM;TP Substitutivo;2025-07-03 04:00:00;2025-07-04 04:00:00
1766381315;ASSIGNMENT;Laços de Repetições;2025-03-13 22:00:00;2025-03-18 02:55:00
1767601305;EXAM;TP 5: Vetores e Strings;2024-11-18 14:10:00;2024-11-18 15:40:00
1776566211;ASSIGNMENT;Lab 0 – Primeiros passos com o Python;2026-04-22 22:00:00;2026-05-04 03:55:00
1779550899;EXAM;Primeira Avaliação de IC 2026-1 - ABI01;2026-04-24 17:55:00;2026-04-24 19:55:00
1779590167;EXAM;TP 6: Estrutura de Repetição por Contagem (for);2024-11-11 04:00:00;2024-11-11 04:00:00
1779885170;EXAM;Avaliação extra;2025-04-16 16:00:00;2025-04-16 18:00:00
1791728657;EXAM;TP 4: Estrutura de Repetição por Condição;2025-09-26 04:00:00;2025-12-17 04:00:00
1792295140;ASSIGNMENT;Lab 6 - Repetição por Contagem (for);2025-07-03 18:00:00;2025-07-24 04:00:00
1798082841;EXAM;TP 5: Listas e Strings;2025-06-26 18:00:00;2025-06-26 19:55:00
1798743367;ASSIGNMENT;Extras 2:  Estrutura Condicional Simples e Compost;2024-09-17 00:00:00;2024-09-25 23:55:00
1800595011;ASSIGNMENT;Lab 5 - Strings  e Listas;2025-10-28 22:00:00;2025-12-09 22:00:00
1802288418;EXAM;TP 2: Est. Condicional Simples e Composta;2025-08-28 04:00:00;2025-12-17 05:00:00
1805573564;EXAM;TP 2-3: Est. Condicional Encadeada;2025-04-20 04:00:00;2025-04-20 04:00:00
1805737742;ASSIGNMENT;Revisão;2025-11-12 03:00:00;2025-11-28 03:00:00
1810692774;EXAM;Exercício Avaliativo em Sala 06;2025-12-03 18:00:00;2025-12-10 18:00:00
1811180049;ASSIGNMENT;03-Python (desafios);2026-03-26 04:00:00;2026-07-31 04:00:00
1811223405;EXAM;TP 2: Est. Condicional Simples e Composta;2025-04-22 20:00:00;2025-04-22 21:40:00
1822732860;ASSIGNMENT;Lista Parsons 1 - Estrutura sequencial - C;2026-01-20 03:00:00;2026-02-18 03:00:00
1828788933;EXAM;Exercicio Avaliativo em Sala 03;2025-05-06 22:00:00;2025-05-06 23:40:00
1829524819;ASSIGNMENT;Lab 5 (Vetores e Matrizes);2024-09-30 04:00:00;2024-10-09 03:55:00
1834041492;ASSIGNMENT;Lista Encadeada e Ordenação;2025-09-12 18:50:00;2025-12-05 03:55:00
1836192491;EXAM;TP 6: Estrutura de Repetição por Contagem (for);2025-07-02 22:15:00;2025-07-02 23:50:00
1836432174;EXAM;Avaliação de Reposição de IC;2025-07-16 14:00:00;2025-07-16 16:10:00
1842775003;EXAM;Exercício Avaliativo em Sala 06;2025-11-27 22:00:00;2025-11-27 23:00:00
1858271404;ASSIGNMENT;Lab 6 - Repetição por Contagem (for);2025-06-22 04:00:00;2025-06-22 04:00:00
1863159673;ASSIGNMENT;Lab 1 – Primeiros passos com o Python;2026-03-26 22:30:00;2026-04-28 03:55:00
1865175275;EXAM;TP 2: Est. Condicional Simples e Composta;2024-09-25 18:05:00;2024-09-25 19:05:00
1873904039;EXAM;Avaliação Parcial 2;2024-11-07 22:05:00;2024-11-08 00:05:00
1879246273;ASSIGNMENT;Revisão 1 em C;2025-08-01 16:00:00;2025-08-15 16:00:00
1887678367;ASSIGNMENT;Lab 01 - Modularização: Funções;2024-09-25 22:00:00;2024-10-03 03:55:00
1895425756;ASSIGNMENT;Lista Parsons 4 - Vetores e strings - C;2026-03-08 04:00:00;2026-06-30 04:00:00
1896658516;EXAM;TP 1: Variáveis e Estrutura Sequencial;2024-09-12 00:05:00;2024-09-12 01:35:00
1897677159;ASSIGNMENT;Lab 1 - Variáveis e Estrutura Sequencial - 2025-2;2025-08-14 01:00:00;2025-09-18 00:00:00
1900002855;EXAM;Avaliação 1;2025-09-26 16:00:00;2025-09-26 19:30:00
1903916952;ASSIGNMENT;L04 - Funções (desenvolvimento incremental);2025-09-13 01:00:00;2025-10-13 04:00:00
1905903265;EXAM;TP 4: Estrutura de Repetição por Condição;2025-05-08 04:00:00;2025-05-08 04:00:00
1907412392;EXAM;Exercicio Avaliativo em Sala 01;2025-03-31 20:05:00;2025-03-31 21:05:00
1913725472;EXAM;Exercício Avaliativo em Sala 04;2025-10-21 22:05:00;2025-10-21 23:05:00
1920048877;ASSIGNMENT;Extras 01 - Modularização: Funções;2024-10-02 22:00:00;2024-10-10 03:55:00
1925158204;EXAM;TP Substitutivo;2025-12-09 18:00:00;2025-12-09 19:35:00
1932299212;ASSIGNMENT;Lab 6 - Repetição por Contagem (for);2025-11-24 14:00:00;2025-12-11 16:00:00
1936015910;EXAM;Exercício Avaliativo em Sala 04;2025-05-26 18:10:00;2025-05-26 19:40:00
1936219580;ASSIGNMENT;Lab 3 - Estrutura Condicional Encadeada;2026-04-23 22:00:00;2026-05-08 00:00:00
1937222752;EXAM;TP 4: Estrutura de Repetição por Condição;2024-11-07 22:10:00;2024-11-07 23:30:00
1937661601;EXAM;Exercício Avaliativo em Sala 06;2025-07-08 18:00:00;2025-07-08 19:20:00
1938603077;ASSIGNMENT;Lab 0 - Primeiros passos com o Python - 2026-1;2026-03-10 18:00:00;2026-03-26 03:55:00
1940633236;ASSIGNMENT;Exercício em Sala - Strings;2025-10-06 04:50:00;2025-10-06 04:50:00
1942576183;ASSIGNMENT;Lista Parsons 3 - Laço while - C;2026-01-22 04:00:00;2026-07-31 04:00:00
1943108728;ASSIGNMENT;Lab 2: Estrutura Condicional Simples e Composta;2024-09-19 04:00:00;2024-10-04 03:55:00
1949540370;EXAM;Exercício Avaliativo em Sala 05;2025-06-26 17:55:00;2025-06-26 19:45:00
1950120075;ASSIGNMENT;L13 - Opcionais 4;2024-10-10 22:00:00;2024-10-24 22:00:00
1951540970;ASSIGNMENT;Vetores, matrizes, etc;2024-10-09 04:00:00;2024-11-12 02:55:00
1954824512;EXAM;Teste;2024-08-21 14:35:00;2024-08-21 15:10:00
1966527466;EXAM;Avaliação de Estrutura de Dados;2024-12-18 22:30:00;2024-12-19 00:30:00
1966599293;EXAM;TP 3: Estrutura Condicional Encadeada;2025-05-15 18:00:00;2025-05-15 19:55:00
1967417986;ASSIGNMENT;Lab 3 - Estrutura Condicional Encadeada;2026-04-23 19:00:00;2026-05-01 03:55:00
1969673212;ASSIGNMENT;Lab 0 - Primeiros passos com o Python - 2026-1;2026-03-16 18:00:00;2026-03-26 20:00:00
1972229780;ASSIGNMENT;Dia 1 - Revisão e CodeBench;2025-07-20 18:00:00;2025-07-26 03:55:00
1972734972;EXAM;TP Substitutivo;2024-11-11 04:00:00;2024-11-11 04:00:00
1979581325;EXAM;TP 6: Estrutura de Repetição por Contagem (for);2025-12-10 18:05:00;2025-12-10 19:35:00
1979930228;ASSIGNMENT;Extras 2 - Estrutura Condicional Simples e Compost;2024-10-11 01:10:00;2024-10-16 00:00:00
1980328947;ASSIGNMENT;Lab 0 - Primeiros passos com o Python;2024-08-26 17:55:00;2024-10-07 20:00:00
1987399869;ASSIGNMENT;Lista 2 - Exercícios em Sala;2024-09-19 04:00:00;2024-10-02 03:55:00
1994817917;ASSIGNMENT;Lab 0 - Primeiros passos com o Python - 2026-1;2026-03-10 13:15:00;2026-03-26 03:55:00
2004446090;EXAM;TP 1: Variáveis e Estrutura Sequencial;2025-04-13 04:00:00;2025-04-13 04:00:00
2006564673;ASSIGNMENT;Lista 13;2026-03-24 16:00:00;2026-03-31 16:00:00
2010656042;ASSIGNMENT;Lab 3 - Estrutura Condicional Encadeada;2025-09-29 22:00:00;2025-10-01 22:00:00
2013357092;ASSIGNMENT;Lab 0 - Primeiros passos com o Python;2024-08-29 00:00:00;2024-09-11 23:55:00
2014020618;EXAM;TP 4: Estrutura de Repetição por Condição;2025-10-23 22:00:00;2025-10-23 23:20:00
2019577169;EXAM;Exercício Avaliativo em Sala 04;2025-10-21 00:10:00;2025-10-21 01:30:00
2021166783;EXAM;TP 2: Est. Condicional Simples e Composta;2024-10-03 18:00:00;2024-10-03 19:15:00
2022288285;ASSIGNMENT;Extras 2: Estrutura Condicional Composta;2025-04-20 04:00:00;2025-04-20 04:00:00
2026793955;EXAM;Exercício Avaliativo em Sala 04;2025-10-20 14:00:00;2025-10-20 16:00:00
2036960612;ASSIGNMENT;Lista de exercício teste;2025-10-07 04:05:00;2025-11-08 03:55:00
2037517468;ASSIGNMENT;03-Python (nível 1);2026-03-26 04:30:00;2026-07-31 04:00:00
2038161569;EXAM;Exercicio Avaliativo em Sala 02;2026-04-08 22:00:00;2026-04-09 00:00:00
2038649503;ASSIGNMENT;Lista 16;2026-03-31 03:00:00;2026-04-07 16:00:00
2041381154;EXAM;Avaliação Parcial 3;2024-12-12 22:05:00;2024-12-13 00:00:00
2044244526;ASSIGNMENT;Lista 4;2026-04-10 17:00:00;2026-04-17 21:00:00
2047495432;ASSIGNMENT;Lab 3 - Estrutura Condicional Encadeada;2025-04-20 04:00:00;2025-04-20 04:00:00
2052804200;ASSIGNMENT;Lab 2 - Estrutura Condicional Simples e Composta;2025-09-02 19:00:00;2025-10-21 18:00:00
2055307294;EXAM;TP 2: Est. Condicional Simples e Composta;2025-09-11 18:00:00;2025-09-11 19:45:00
2055922764;EXAM;TP 2: Est. Condicional Simples e Composta;2024-08-26 04:00:00;2024-08-26 04:00:00
2067024082;ASSIGNMENT;Prática 02 - Operações;2024-09-19 11:00:00;2024-12-30 04:00:00
2067707040;ASSIGNMENT;01 - Basico de Condicionais;2026-04-27 04:00:00;2026-07-30 04:00:00
2067873512;ASSIGNMENT;L11 - Ponteiros 1;2024-10-08 23:00:00;2024-10-15 22:00:00
2070730775;EXAM;Exame Final;2025-01-15 22:30:00;2025-01-16 00:30:00
2072711630;ASSIGNMENT;Terceira Lista de Exercício IC 2025-1;2025-06-19 16:00:00;2025-07-11 14:00:00
2073468984;EXAM;TP 1: Variáveis e Estrutura Sequencial;2025-03-31 04:00:00;2025-04-01 04:00:00
2074973117;ASSIGNMENT;Lista 1 - Exercícios em Sala;2024-08-28 14:30:00;2024-09-11 14:00:00
2075192487;EXAM;Exercício Avaliativo em Sala 05;2025-11-11 12:00:00;2025-11-11 13:50:00
2079736202;EXAM;Avaliacao de Algoritmos - Etapa 03;2025-06-20 00:00:00;2025-06-21 02:00:00
2080024907;ASSIGNMENT;Lab 1 - Variáveis e Estrutura Sequencial;2025-03-19 20:30:00;2025-04-02 20:00:00
2080418192;EXAM;Avaliação I - 2º Bimestre;2025-06-18 03:00:00;2025-06-18 21:30:00
2103107746;ASSIGNMENT;Lab 1 - Variáveis e Estrutura Sequencial - 2026-1;2026-03-17 22:00:00;2026-04-01 00:00:00
2106852497;EXAM;TP 6: Estrutura de Repetição por Contagem (for);2025-07-02 20:10:00;2025-07-02 21:40:00
2110095464;ASSIGNMENT;Extras 1 - Variáveis e Estrutura Sequencial;2025-08-25 04:00:00;2025-09-01 18:00:00
2111024213;ASSIGNMENT;Exercicios para teste;2026-03-24 22:00:00;2026-03-28 03:55:00
2111815645;ASSIGNMENT;Lab 4 – Repetição por Condição (while);2026-04-23 18:30:00;2026-05-08 03:55:00
2113692522;ASSIGNMENT;Lab 1 - Variáveis e Estrutura Sequencial;2025-03-20 22:00:00;2025-03-26 00:00:00
2115427709;ASSIGNMENT;Lista 4;2025-02-28 16:00:00;2025-03-14 16:00:00
2118035445;ASSIGNMENT;Lista 1;2025-07-16 04:00:00;2025-07-31 04:00:00
2118643220;EXAM;TP 1: Variáveis e Estrutura Sequencial;2025-09-01 14:00:00;2025-09-01 16:00:00
2119798532;ASSIGNMENT;Lab 3 - Estrutura Condicional Encadeada;2026-04-15 22:00:00;2026-04-27 22:00:00
2120151207;EXAM;Exercício Avaliativo em Sala 06;2025-11-27 00:10:00;2025-11-27 01:35:00
2121661197;EXAM;TP Substitutivo;2025-07-07 22:15:00;2025-07-07 23:50:00
2121714982;ASSIGNMENT;L21 - Recursão 1;2024-11-19 21:10:00;2024-12-03 22:00:00
2123643334;ASSIGNMENT;Lab 1 - Variáveis e Estrutura Sequencial - 2026-1;2026-03-24 12:00:00;2026-03-28 03:55:00
2135592949;ASSIGNMENT;Lab 0 - Primeiros passos com o Python;2025-08-12 22:00:00;2025-12-09 22:00:00
2137656565;ASSIGNMENT;Lab 5 - Strings  e Listas;2025-10-28 12:20:00;2025-11-13 12:00:00
2137760108;ASSIGNMENT;Lab 4 – Repetição por Condição (while);2025-10-01 18:00:00;2025-10-22 18:00:00
2138130561;ASSIGNMENT;Lab 3 - Estrutura Condicional Encadeada;2025-09-17 14:00:00;2025-09-29 14:00:00
2142759995;EXAM;Exercicio Avaliativo em Sala 03;2025-05-06 20:05:00;2025-05-06 21:40:00
2145376067;ASSIGNMENT;Extras 1: Variáveis e Estrutura Sequencial;2024-09-03 01:00:00;2024-10-15 03:55:00
2148156317;ASSIGNMENT;Lab 1 - Variáveis e Estrutura Sequencial;2024-09-04 17:00:00;2024-09-11 17:50:00
2150296668;EXAM;TP 1: Variáveis e Estrutura Sequencial;2024-09-02 04:00:00;2024-09-10 04:00:00
2152958440;ASSIGNMENT;Lista 8;2025-04-04 16:00:00;2025-04-24 20:00:00
2155524860;ASSIGNMENT;O programa eco!;2026-04-17 20:00:00;2026-04-18 00:00:00
2165554655;EXAM;TP Substitutivo;2025-10-28 04:00:00;2025-12-17 04:00:00
2167927901;ASSIGNMENT;Revisão 2 em C;2025-08-08 16:15:00;2025-08-15 20:00:00
2171143054;ASSIGNMENT;Lab 01 - Modularização: Funções;2025-10-07 04:05:00;2025-10-07 04:05:00
2173765144;ASSIGNMENT;Lista 1 - Exercícios em Sala;2025-04-23 23:00:00;2025-05-05 03:55:00
2179204405;ASSIGNMENT;L06 - Ordenação (2);2025-05-12 22:20:00;2025-05-26 22:00:00
2182475369;ASSIGNMENT;Estrutura de Repetição;2026-04-06 04:00:00;2026-05-31 04:00:00
2183763979;ASSIGNMENT;L04 - Listas ligadas;2024-12-03 18:55:00;2025-01-16 19:00:00
2186477831;ASSIGNMENT;05-Complexidade;2026-04-10 22:20:00;2026-07-31 04:00:00
2190303112;ASSIGNMENT;Lab 5 - Listas, Strings e Vetores;2024-11-14 19:00:00;2024-12-19 18:00:00
2190676674;ASSIGNMENT;Lab 4 - Repetição por Condição (while);2025-07-02 22:00:00;2025-07-14 03:55:00
2192755125;ASSIGNMENT;Extras 4 – Repetição por Condição (while);2025-05-20 22:00:00;2025-06-03 21:50:00
2193598544;ASSIGNMENT;Extras 4 – Repetição por Condição (while);2024-10-29 04:00:00;2024-11-13 03:55:00
2195761688;ASSIGNMENT;_vazio - Extras 1: Variáveis e Estrutura;2024-08-29 00:00:00;2024-09-11 23:55:00
2197324946;EXAM;Exercício Avaliativo em Sala 05;2025-06-15 04:00:00;2025-06-16 04:00:00
2202344661;EXAM;Exercicio Avaliativo em Sala 03;2026-04-15 04:00:00;2026-04-15 04:00:00
2205127773;ASSIGNMENT;L4 - For;2025-07-10 03:00:00;2025-12-02 03:00:00
2208719702;ASSIGNMENT;Lab 4;2025-04-13 03:55:00;2025-04-25 14:00:00
2211253857;ASSIGNMENT;Lab 2 - Estrutura Condicional Simples e Composta;2025-09-11 20:00:00;2025-09-16 20:30:00
2216061618;ASSIGNMENT;Lab 4 – Repetição por Condição (while);2025-10-01 14:00:00;2025-10-13 16:00:00
2221744690;ASSIGNMENT;L05 - Recursão;2026-03-05 04:00:00;2026-03-31 04:00:00
2222920125;ASSIGNMENT;Lab 6 - Repetição por Contagem (for);2025-07-01 18:10:00;2025-07-10 17:55:00
2223713075;ASSIGNMENT;Matriz e Vetor;2024-09-16 12:00:00;2024-12-06 04:00:00
2234963985;ASSIGNMENT;Lab 0 - Primeiros passos com o Python;2025-03-18 22:00:00;2025-03-26 00:00:00
2235276004;ASSIGNMENT;Lista 10;2026-03-03 16:00:00;2026-03-16 02:55:00
2249983999;EXAM;Exercicio Avaliativo em Sala 01;2025-03-31 22:15:00;2025-03-31 23:10:00
2250289548;ASSIGNMENT;Lista Parsons 1 - Estrutura sequencial - Go;2026-04-10 18:00:00;2026-04-10 20:00:00
2258529497;EXAM;Exercicio Avaliativo em Sala 03;2025-04-22 04:00:00;2025-04-23 04:00:00
2259766612;EXAM;TP 6: Estrutura de Repetição por Contagem (for);2024-12-05 22:10:00;2024-12-05 23:40:00
2271844354;ASSIGNMENT;Lab 5 - Listas, Strings e Vetores;2024-10-21 04:00:00;2024-10-22 04:00:00
2274213253;EXAM;Avaliação Parcial 1;2024-10-03 22:05:00;2024-10-03 23:59:00
2277843042;ASSIGNMENT;Lista 1 - Exercícios em Sala;2025-08-13 04:00:00;2025-08-30 04:00:00
2279361885;EXAM;Exercicio Avaliativo em Sala 03;2025-05-13 12:05:00;2025-05-13 13:30:00
2280749785;EXAM;Prova Final;2024-12-17 18:10:00;2024-12-17 19:40:00
2280881654;EXAM;TP 2: Est. Condicional Simples e Composta;2025-09-11 12:05:00;2025-09-11 13:15:00
2287538084;EXAM;TP Substitutivo;2025-07-07 18:10:00;2025-07-07 19:40:00
2288915528;ASSIGNMENT;Prática 01 - Testes no Code Bench;2024-09-19 10:00:00;2024-12-30 04:00:00
2292892688;ASSIGNMENT;L3;2025-04-01 03:00:00;2025-04-04 03:00:00
2295666679;ASSIGNMENT;Teste;2025-05-07 19:25:00;2025-05-30 07:00:00
2295842586;ASSIGNMENT;L6;2025-05-07 03:00:00;2025-05-09 02:00:00
2301692982;EXAM;Prova Final;2024-12-17 00:05:00;2024-12-17 01:35:00
2304143742;ASSIGNMENT;Lab 2 - Estrutura Condicional Simples e Composta;2025-09-02 12:20:00;2025-09-11 12:00:00
2307439955;ASSIGNMENT;Lista 2 - Exercícios em Sala;2025-05-14 22:00:00;2025-05-22 03:55:00
2312937869;ASSIGNMENT;Primeira Lista;2026-03-20 04:00:00;2026-04-24 04:00:00
2316268018;EXAM;TP 4: Estrutura de Repetição por Condição;2025-05-28 18:10:00;2025-05-28 19:40:00
2317760163;EXAM;Prova Final;2026-06-29 04:00:00;2026-06-29 04:00:00
2320848600;EXAM;Prova Final;2025-12-10 14:00:00;2025-12-10 16:00:00
2321765403;EXAM;Exercício Avaliativo em Sala 04;2025-09-26 04:00:00;2025-12-17 04:00:00
2325347688;ASSIGNMENT;Lista Parsons 0 - Familiarização - Java;2026-05-04 22:00:00;2026-05-05 02:00:00
2332116760;ASSIGNMENT;Lista 20;2026-04-28 16:00:00;2026-05-05 15:00:00
2333670071;ASSIGNMENT;Extras 5: Listas, Strings e Vetores;2025-05-05 04:00:00;2025-05-30 04:00:00
2334147818;EXAM;Exercício Avaliativo em Sala 06;2025-12-01 22:00:00;2025-12-01 23:00:00
2335132249;ASSIGNMENT;Lista Parsons 1 - Estrutura Sequencial - Python;2025-09-18 03:00:00;2026-02-20 03:00:00
2335284654;ASSIGNMENT;Lista Parsons 3 - Laço While - Python;2025-12-05 04:00:00;2026-08-14 04:00:00
2335799764;ASSIGNMENT;Lista Parsons 0 - Familiarização - Python;2025-09-17 03:00:00;2026-02-20 03:00:00
2335871752;ASSIGNMENT;Lista Parsons 2 - Estruturas Condicionais - Python;2025-12-22 03:00:00;2026-02-19 03:00:00
2335965527;ASSIGNMENT;Lista Parsons 4 - Strings e listas - Python;2025-12-18 04:00:00;2026-08-28 04:00:00
2336053070;EXAM;TP 6: Estrutura de Repetição por Contagem (for);2025-07-02 18:10:00;2025-07-02 19:40:00
2336577878;ASSIGNMENT;Lab 6 - Repetição por Contagem (for);2025-06-23 22:10:00;2025-07-02 21:55:00
2340141494;EXAM;TP Substitutivo 2;2025-07-24 20:10:00;2025-07-24 21:40:00
2346403954;ASSIGNMENT;Lab 1 - Variáveis e Estrutura Sequencial;2024-08-28 15:30:00;2024-09-11 14:00:00
2354295958;EXAM;TP 2: Est. Condicional Simples e Composta;2025-09-22 22:00:00;2025-09-22 23:20:00
2355798373;ASSIGNMENT;L25 - Lista ligada e fila;2024-12-05 17:45:00;2024-12-15 03:55:00
2357132249;ASSIGNMENT;Lista Parsons 1 - Estrutura Sequencial - Python;2026-03-27 19:00:00;2026-04-07 22:00:00
2357284654;ASSIGNMENT;Lista Parsons 3 - Laço While - Python;2026-04-16 16:55:00;2026-05-06 00:00:00
2357799764;ASSIGNMENT;Lista Parsons 0 - Familiarização - Python;2026-03-20 19:00:00;2026-03-27 00:00:00
2357871752;ASSIGNMENT;Lista Parsons 2 - Estruturas Condicionais - Python;2026-04-07 22:00:00;2026-04-23 01:00:00
2357965527;ASSIGNMENT;Lista Parsons 4 - Strings e listas - Python;2026-05-21 17:00:00;2026-05-29 21:00:00
2358039180;EXAM;TP 4: Estrutura de Repetição por Condição;2024-11-12 18:05:00;2024-11-12 19:20:00
2358524614;ASSIGNMENT;Lab 1.1 - Variáveis e Estrutura Sequencial-IF-CPA;2026-03-09 03:00:00;2026-04-30 03:00:00
2359281434;EXAM;Prova Final;2024-12-11 18:00:00;2024-12-11 19:50:00
2360693828;EXAM;Exercicio Avaliativo em Sala 02;2025-04-22 20:05:00;2025-04-29 21:40:00
2364440230;ASSIGNMENT;Lista 1;2025-02-07 14:00:00;2025-02-21 20:00:00
2365443798;ASSIGNMENT;Lab 2 - Estrutura Condicional Simples e Composta;2025-09-03 18:00:00;2025-09-15 18:00:00
2368063699;EXAM;TP 2-3: Est. Condicional Encadeada;2025-05-29 18:10:00;2025-05-29 20:00:00
2370077173;ASSIGNMENT;Estruturas de Dados Dinâmicas;2024-12-09 16:00:00;2024-12-11 03:55:00
2371987607;ASSIGNMENT;Lab 2 - Estrutura Condicional Simples e Composta;2025-04-01 04:00:00;2025-04-08 04:00:00
2372395858;EXAM;TP 1: Variáveis e Estrutura Sequencial;2025-08-28 18:00:00;2025-08-28 19:35:00
2379353103;EXAM;Primeira Avaliação de IC 2025-1;2025-05-09 14:00:00;2025-05-09 16:00:00
2386383219;EXAM;TP 2: Est. Condicional Simples e Composta;2025-04-23 20:10:00;2025-04-23 21:10:00
2388502367;EXAM;Exercício Avaliativo em Sala 04;2025-05-29 20:05:00;2025-05-29 21:30:00
2390333466;EXAM;2ª chamada - avaliação;2025-06-11 16:30:00;2025-06-11 20:00:00
2390911383;ASSIGNMENT;Lab 5 - Strings  e Listas;2025-06-02 20:00:00;2025-06-18 20:00:00
2391573691;ASSIGNMENT;Lista Parsons 1 - Estrutura sequencial - C;2026-01-20 03:00:00;2026-02-18 03:00:00
2394746842;ASSIGNMENT;Lista 5 - Exercícios em Sala;2024-10-21 04:00:00;2024-10-29 04:00:00
2398071955;EXAM;Exercício Avaliativo em Sala 04;2026-05-13 04:00:00;2026-05-13 04:00:00
2399112431;ASSIGNMENT;Lista 3 - Estrutura Condicional Encadeada;2024-09-30 04:00:00;2024-10-14 14:00:00
2399170352;ASSIGNMENT;Extras 2:  Estrutura Condicional Simples e Compost;2024-09-18 18:00:00;2024-09-30 20:00:00
2401316912;EXAM;TP 1: Variáveis e Estrutura Sequencial;2026-03-26 20:00:00;2026-04-23 22:00:00
2406301798;EXAM;TP 5: Listas e Strings;2025-11-19 22:00:00;2025-11-19 23:00:00
2407220191;ASSIGNMENT;Lab 3 - Estrutura Condicional Encadeada;2025-09-16 18:00:00;2025-10-21 18:00:00
2408745823;ASSIGNMENT;Laboratório de Programação 2;2026-02-13 04:00:00;2026-02-20 04:00:00
2410438801;EXAM;TP 2: Est. Condicional Simples e Composta;2026-04-16 22:00:00;2026-04-17 00:00:00
2412353774;ASSIGNMENT;Lista 5 - Exercícios em Sala;2024-11-14 19:00:00;2024-12-19 18:00:00
2420336146;ASSIGNMENT;Lab 5 - Listas, Strings e Vetores;2024-11-12 04:00:00;2024-11-21 12:00:00
2422768224;ASSIGNMENT;Lab 1 - Variáveis e Estrutura Sequencial;2025-03-27 12:30:00;2025-04-10 12:00:00
2425857769;ASSIGNMENT;Lista Parsons 4 - Vetores e strings - Go;2026-03-09 03:00:00;2026-07-31 03:00:00
2441667484;EXAM;TP 1: Variáveis e Estrutura Sequencial;2025-05-08 18:10:00;2025-05-08 20:00:00
2444723089;EXAM;Exercicio Avaliativo em Sala 03;2025-05-05 22:15:00;2025-05-05 23:50:00
2445341515;EXAM;TP 1: Variáveis e Estrutura Sequencial;2025-09-02 00:10:00;2025-09-02 01:30:00
2445761267;EXAM;TP 2: Est. Condicional Simples e Composta;2026-04-14 12:20:00;2026-04-14 13:25:00
2446955935;ASSIGNMENT;02-Pilhas e filas;2026-03-25 04:00:00;2026-07-31 04:00:00
2449960996;EXAM;Prova Final;2024-11-16 03:00:00;2024-11-28 03:00:00
2450413696;ASSIGNMENT;Lista Parsons 1 - Estrutura sequencial - Java;2026-05-04 22:00:00;2026-05-05 02:00:00
2451365057;ASSIGNMENT;Lab 1 - Variáveis e Estrutura Sequencial - 2026-1;2026-03-17 08:05:00;2026-05-01 03:55:00
2455319080;ASSIGNMENT;Lista 2 - Exercícios em Sala;2024-09-19 04:00:00;2024-10-01 11:50:00
2461221192;ASSIGNMENT;Lab 2: Estrutura Condicional Simples e Composta;2024-09-19 19:00:00;2024-12-19 18:00:00
2462021125;EXAM;Exercicio Avaliativo em Sala 01;2025-03-24 04:00:00;2025-03-26 04:00:00
2464268668;ASSIGNMENT;Lab 4 – Repetição por Condição (while);2025-05-22 18:00:00;2025-06-23 18:00:00
2471975132;ASSIGNMENT;Lista Parsons 3 - Laço while - Java;2026-01-22 04:00:00;2026-07-31 04:00:00
2473729609;ASSIGNMENT;L19 - Exercício de 05/nov;2024-11-05 14:50:00;2024-11-19 22:00:00
2473946296;EXAM;TP 6: Estrutura de Repetição por Contagem (for);2025-10-28 04:00:00;2025-12-17 04:00:00
2483011427;EXAM;Segunda Avaliação de IC;2025-06-13 14:00:00;2025-06-13 16:10:00
2485113967;EXAM;Exercicio Avaliativo em Sala 02;2025-09-17 22:00:00;2025-09-17 23:30:00
2495501432;EXAM;EXAME FINAL;2025-07-17 20:00:00;2025-07-17 21:30:00
2498813119;ASSIGNMENT;Extras 4 – Repetição por Condição (while);2025-10-09 04:00:00;2025-10-31 04:00:00
2501240753;ASSIGNMENT;Extras 3 - Estrutura Condicional Encadeada;2024-10-03 04:00:00;2024-10-22 11:55:00
2526823483;ASSIGNMENT;L1.4;2026-03-30 03:00:00;2026-04-30 03:00:00
2527879954;EXAM;TP 6: Estrutura de Repetição por Contagem (for);2025-12-02 21:55:00;2025-12-02 23:30:00
2534413242;EXAM;TP 5: Listas e Strings;2025-11-13 12:05:00;2025-11-13 13:35:00
2536885004;ASSIGNMENT;Lab 04 - Strings;2025-10-07 04:20:00;2025-10-07 04:20:00
2537382484;EXAM;TP 5: Vetores e Strings;2024-11-26 00:05:00;2024-11-26 01:35:00
2539739748;EXAM;TP 2: Est. Condicional Simples e Composta;2024-10-01 12:10:00;2024-10-01 13:50:00
2541730966;EXAM;Exercício Avaliativo em Sala 04;2025-05-29 22:00:00;2025-05-29 23:40:00
2543586675;ASSIGNMENT;Extras 5: Listas, Strings e Vetores;2024-11-12 05:00:00;2024-11-21 12:00:00
2552104966;EXAM;TP 4: Estrutura de Repetição por Condição;2024-10-30 14:10:00;2024-10-30 15:30:00
2554034676;ASSIGNMENT;Extras 4 – Repetição por Condição (while);2024-10-14 23:55:00;2024-10-30 23:55:00
2554258993;ASSIGNMENT;Lab 3 (laços, condicionais e funções);2024-09-16 04:00:00;2024-09-25 03:00:00
2555056739;EXAM;Prova Final;2025-12-09 20:00:00;2025-12-09 20:25:00
2557677908;ASSIGNMENT;Vetores, Strings e Matrizes;2025-09-04 22:00:00;2025-09-08 03:00:00
2561082263;ASSIGNMENT;Extras 5: Listas, Strings e Vetores;2024-11-04 23:55:00;2024-11-25 23:55:00
2563853024;EXAM;Exercicio Avaliativo em Sala 01;2025-09-02 20:10:00;2025-09-02 20:55:00
2564410985;ASSIGNMENT;Extras 2:  Estrutura Condicional Simples e Compost;2024-09-19 04:00:00;2024-10-01 11:50:00
2564973602;EXAM;Prova Final;2025-12-11 12:05:00;2025-12-11 13:32:00
2577959656;ASSIGNMENT;Lista 3: Exercícios em Sala;2025-04-20 04:00:00;2025-04-20 04:00:00
2578170144;ASSIGNMENT;01-Listas encadeadas (nível 2);2026-03-24 04:05:00;2026-08-01 03:55:00
2579955636;ASSIGNMENT;Lista 4 – Repetição por Condição (while);2024-10-14 18:00:00;2024-10-30 17:55:00
2580489765;EXAM;TP 2: Est. Condicional Simples e Composta;2024-09-25 14:10:00;2024-09-25 15:20:00
2582550691;ASSIGNMENT;Primeira Lista de Exercícios;2025-04-04 14:00:00;2025-06-13 14:00:00
2584272746;ASSIGNMENT;L04 - Listas ligadas;2025-08-24 04:00:00;2026-01-18 04:00:00
2590820379;ASSIGNMENT;Extras 5: Listas, Strings e Vetores;2024-10-21 04:00:00;2024-10-22 04:00:00
2592134613;ASSIGNMENT;Lista Parsons 4 - Vetores e strings - C;2026-05-16 04:00:00;2026-07-30 04:00:00
2601575092;ASSIGNMENT;Lab 0 - Primeiros passos com o Python;2025-08-12 00:00:00;2025-09-18 00:00:00
2601699332;ASSIGNMENT;Lista Parsons 3 - Laço while - C;2026-03-24 16:00:00;2026-03-24 20:00:00
2606517288;ASSIGNMENT;Lab 4 – Repetição por Condição (while);2025-09-30 12:20:00;2025-10-20 12:00:00
2609278500;ASSIGNMENT;L03 - Exercícios da aula de 12/set;2025-09-12 20:00:00;2025-09-15 22:00:00
2611685033;ASSIGNMENT;Lista 1 - Exercícios em Sala;2024-08-29 00:00:00;2024-09-11 23:55:00
2615106976;ASSIGNMENT;Lista 8 - Ponteiro - Pt 2;2025-10-10 16:00:00;2025-10-17 20:00:00
2626837793;EXAM;TP 3: Estrutura Condicional Encadeada;2024-10-15 22:10:00;2024-10-15 23:40:00
2627828506;EXAM;TP 1: Variáveis e Estrutura Sequencial;2025-09-01 18:00:00;2025-09-01 19:00:00
2631307756;ASSIGNMENT;L04 - Aplicações;2025-11-06 23:00:00;2025-11-24 04:00:00
2633146420;EXAM;TP 3: Estrutura Condicional Encadeada;2025-09-30 22:00:00;2025-09-30 23:00:00
2634570265;EXAM;TP 3: Estrutura Condicional Encadeada;2025-05-15 12:05:00;2025-05-15 14:00:00
2635419046;ASSIGNMENT;Lista Parsons 2 - Estruturas condicionais - C;2026-01-18 03:00:00;2026-02-18 03:00:00
2636646507;EXAM;Exercicio Avaliativo em Sala 01;2025-04-01 22:00:00;2025-04-01 23:00:00
2636741099;ASSIGNMENT;Lista Parsons 1 - Estrutura Sequencial - Python;2026-04-01 04:00:00;2026-05-31 04:00:00
2637514280;ASSIGNMENT;Lab 04 - Strings;2025-10-08 23:00:00;2025-11-05 03:55:00
2639983993;ASSIGNMENT;Laços e Listas em Python;2025-03-13 20:00:00;2025-03-24 07:00:00
2641307214;ASSIGNMENT;Lab 0 - Primeiros passos com o Python;2025-03-18 20:00:00;2025-03-25 22:00:00
2641936005;ASSIGNMENT;Lab 03 - Vetores com Numpy;2025-10-07 04:20:00;2025-10-07 04:20:00
2643305221;EXAM;TP 3: Estrutura Condicional Encadeada;2025-05-08 20:00:00;2025-05-08 21:40:00
2649706327;ASSIGNMENT;Lista 2 - Exercícios em Sala;2024-09-16 15:30:00;2024-09-23 20:00:00
2651470117;ASSIGNMENT;Lab 1 - Variáveis e Estrutura Sequencial - 2025-2;2025-08-14 16:00:00;2025-09-15 14:00:00
2655516574;ASSIGNMENT;L01 - Python;2025-03-15 04:00:00;2025-03-16 04:00:00
2659353042;ASSIGNMENT;Lab 6 - Repetição por Contagem (for);2025-11-25 18:00:00;2025-12-09 20:00:00
2663642942;ASSIGNMENT;L05 - Exercícios de 17/09;2024-09-17 22:00:00;2024-09-18 00:00:00
2667414184;EXAM;Recuperação - Geral;2025-11-28 03:00:00;2025-11-28 20:30:00
2667579181;ASSIGNMENT;Lab 1 - Variáveis e Estrutura Sequencial;2025-04-24 19:00:00;2025-05-22 03:55:00
2671405049;ASSIGNMENT;Lab 3 - Estrutura Condicional Encadeada;2025-04-24 20:00:00;2025-05-08 19:55:00
2675112270;ASSIGNMENT;Lab 5 - Strings  e Listas;2025-06-10 18:00:00;2025-07-15 20:00:00
2678676708;EXAM;Prova Final;2024-12-12 12:00:00;2024-12-12 13:30:00
2682164012;ASSIGNMENT;Lista 1 - Exercícios em Sala;2025-04-24 18:30:00;2025-06-02 03:55:00
2685510129;EXAM;TP 5: Listas e Strings;2025-11-13 22:00:00;2025-11-13 23:30:00
2685700981;EXAM;TP 5: Listas e Strings;2025-06-05 04:00:00;2025-06-06 04:00:00
2692464888;ASSIGNMENT;Lab 5 - Strings  e Listas;2025-10-30 00:10:00;2025-11-18 00:10:00
2695424973;EXAM;TP 6: Estrutura de Repetição por Contagem (for);2024-12-14 14:05:00;2024-12-14 15:35:00
2703067982;ASSIGNMENT;Lista 5 - Exercícios em Sala;2024-11-12 04:00:00;2024-11-21 12:00:00
2706088634;EXAM;Exercicio Avaliativo em Sala 03;2025-09-25 00:10:00;2025-09-25 01:30:00
2706581186;EXAM;Exercício Avaliativo em Sala 06;2025-06-29 04:00:00;2025-06-29 04:00:00
2711940414;ASSIGNMENT;Lab 2 - Estrutura Condicional Simples e Composta;2025-04-07 22:10:00;2025-04-23 21:55:00
2715055386;ASSIGNMENT;Estruturas de repetição;2025-08-07 22:00:00;2025-08-11 03:00:00
2721881001;ASSIGNMENT;L15 - Opcionais 5;2024-10-17 22:00:00;2024-11-05 03:55:00
2724992129;ASSIGNMENT;Extras 4 – Repetição por Condição (while);2025-05-05 04:00:00;2025-05-30 04:00:00
2728240942;ASSIGNMENT;Lab 2 - Estrutura Condicional Simples e Composta;2026-03-31 20:00:00;2026-04-15 03:55:00
2728817299;ASSIGNMENT;Lab 3 - Estrutura Condicional Encadeada;2024-10-03 04:00:00;2024-10-22 11:55:00
2731793209;ASSIGNMENT;Lista Parsons 0 - Familiarização - Go;2026-04-24 20:35:00;2026-04-24 21:35:00
2735364770;EXAM;TP 3: Estrutura Condicional Encadeada;2024-10-10 00:05:00;2024-10-10 01:35:00
2737523030;ASSIGNMENT;Lista de Exercícios de Condicionais;2025-02-19 03:00:00;2025-02-27 02:00:00
2738111414;EXAM;TP 3: Estrutura Condicional Encadeada;2026-04-27 04:00:00;2026-04-27 04:00:00
2738655188;ASSIGNMENT;Prática 14 - Vetores (e ponteiros também);2024-11-12 04:00:00;2024-12-30 04:00:00
2743571071;ASSIGNMENT;Extras 4 – Repetição por Condição (while);2025-10-13 18:00:00;2025-11-03 18:00:00
2744429509;ASSIGNMENT;Lab 3 - Estrutura Condicional Encadeada;2025-04-24 22:00:00;2025-05-08 21:55:00
2745828033;ASSIGNMENT;Lab 1 - Variáveis e Estrutura Sequencial;2024-09-03 18:00:00;2024-12-19 17:55:00
2747719322;ASSIGNMENT;Lab 1 - Variáveis e Estrutura Sequencial - 2025-2;2025-08-12 19:00:00;2025-10-21 18:00:00
2752250804;ASSIGNMENT;Lista de teste;2026-04-08 03:00:00;2027-04-08 03:00:00
2753185604;ASSIGNMENT;Lista 15;2026-03-24 16:00:00;2026-03-31 16:00:00
2763065303;EXAM;Recuperação 3 BI;2025-10-10 03:00:00;2025-10-10 19:35:00
2765996371;EXAM;Exercicio Avaliativo em Sala 03;2025-05-05 20:10:00;2025-05-05 21:10:00
2770682752;EXAM;TP 1: Variáveis e Estrutura Sequencial;2024-09-17 18:00:00;2024-09-17 19:15:00
2773149712;EXAM;Prova de Programação (Etapa 3) - INTERIOR;2026-03-30 18:00:00;2026-03-30 19:30:00
2775751861;ASSIGNMENT;L09 - Matrizes;2025-11-12 18:15:00;2025-12-02 22:00:00
2780870633;ASSIGNMENT;Lab 1 - Variáveis e Estrutura Sequencial;2024-09-03 04:00:00;2024-09-13 03:55:00
2784909733;ASSIGNMENT;Lab 0 – Primeiros passos com o Python;2025-04-24 18:00:00;2025-05-02 03:55:00
2786092135;ASSIGNMENT;Lab 5 - Strings  e Listas;2025-06-02 18:30:00;2025-06-18 18:00:00
2789663843;ASSIGNMENT;Lista 2 - Exercícios em Sala;2025-04-20 04:00:00;2025-04-20 04:00:00
2794432106;ASSIGNMENT;Lista 10;2025-10-31 16:00:00;2025-11-07 16:00:00
2794915705;EXAM;Prova;2025-01-27 20:00:00;2025-01-27 22:00:00
2797756341;ASSIGNMENT;Lista Parsons 0 - Familiarização - C;2026-01-21 04:00:00;2026-07-31 04:00:00
2798333046;ASSIGNMENT;Aula 3 - Programação em Python;2025-05-15 03:00:00;2025-10-30 03:00:00
2801308970;EXAM;Exercício Avaliativo em Sala 06;2025-07-08 20:00:00;2025-07-08 21:30:00
2802919796;ASSIGNMENT;Prática 20 - Opcionais 6 (desafios de recursão);2024-11-20 04:00:00;2024-12-30 04:00:00
2807995981;ASSIGNMENT;Lista Encadeada e Ordenação;2024-10-07 12:00:00;2024-12-06 03:00:00
2808411455;EXAM;TP 5: Vetores e Strings;2024-11-11 04:00:00;2024-11-11 04:00:00
2809718167;EXAM;Exercício Avaliativo em Sala 04;2025-05-25 04:00:00;2025-05-26 04:00:00
2809783974;ASSIGNMENT;L08 - Árvores AVL;2025-06-11 21:00:00;2025-06-30 22:00:00
2814384976;EXAM;Avaliação de Recuperação;2025-01-08 22:30:00;2025-01-09 00:30:00
2814675586;EXAM;Exercicio Avaliativo em Sala 01;2025-08-26 18:00:00;2025-08-26 20:00:00
2822385396;ASSIGNMENT;Lab 6 - Repetição por Contagem (for);2025-07-01 22:00:00;2025-07-10 22:00:00
2826644171;ASSIGNMENT;Lista de Exercícios II;2024-08-13 04:00:00;2024-08-31 04:00:00
2827084501;EXAM;Exercício Avaliativo em Sala 05;2025-06-24 22:00:00;2025-06-24 23:30:00
2828824381;EXAM;Teste TP 02;2025-04-03 04:00:00;2025-04-04 04:00:00
2829111580;ASSIGNMENT;Lista Parsons 1 - Estrutura sequencial - Java;2026-04-23 23:00:00;2026-04-24 00:00:00
2829603894;EXAM;Exercicio Avaliativo em Sala 03;2025-05-05 18:10:00;2025-05-05 19:40:00
2830272971;ASSIGNMENT;Primeira Lista de Exercícios 2024-2;2024-09-16 04:00:00;2024-10-16 20:00:00
2841144309;EXAM;TP Substitutivo;2024-12-09 14:10:00;2024-12-09 15:41:00
2844187426;ASSIGNMENT;Teste de ambiente pré-prova (P1);2024-10-04 06:00:00;2024-12-30 04:00:00
2845723007;ASSIGNMENT;Prática 24 - Lista ligada e pilha;2024-11-24 04:00:00;2024-12-30 04:00:00
2853746154;EXAM;TP Substutivo;2025-07-14 22:10:00;2025-07-15 00:00:00
2854501294;ASSIGNMENT;Exercícios em Sala - Vetores;2025-10-01 22:00:00;2025-10-02 03:55:00
2856618386;EXAM;TP 4: Estrutura de Repetição por Condição;2025-10-28 18:00:00;2025-10-28 19:30:00
2859097929;ASSIGNMENT;Lista 5 - Exercícios em Sala;2024-11-12 22:00:00;2024-11-19 22:00:00
2859202221;EXAM;Prova de Programação (Etapa 3) - CAPITAL;2026-03-30 19:00:00;2026-03-30 20:30:00
2865628037;ASSIGNMENT;Trabalho em C;2024-08-23 04:00:00;2024-08-31 04:00:00
2869270986;ASSIGNMENT;Lab 5 - Vetores e Strings;2025-07-03 04:00:00;2025-07-14 03:55:00
2870476903;EXAM;Exercício Avaliativo em Sala 05;2025-06-24 20:00:00;2025-06-24 21:30:00
2872147335;ASSIGNMENT;L03 - Ordenação Quasilinear;2024-11-18 18:00:00;2025-01-16 19:00:00
2878516488;ASSIGNMENT;Lab 5 - Listas, Strings e Vetores;2024-11-06 16:00:00;2024-11-18 17:55:00
2883455966;EXAM;Exercicio Avaliativo em Sala 02;2025-09-09 12:00:00;2025-09-09 13:50:00
2887909274;ASSIGNMENT;Extras 5: Listas & Strings;2025-11-11 04:00:00;2025-11-13 12:00:00
2890992931;ASSIGNMENT;Lista introdução a Python;2026-03-19 19:29:00;2026-03-24 02:54:00
2899702709;EXAM;Exercicio Avaliativo em Sala 02;2025-09-09 22:00:00;2025-09-09 23:00:00
2900024877;ASSIGNMENT;Lista Parsons 4 - Vetores e strings - Java;2026-06-24 21:00:00;2026-06-25 00:30:00
2904062841;ASSIGNMENT;Lab 5 - Listas, Strings e Vetores;2024-11-12 22:00:00;2024-11-20 03:55:00
2904774644;ASSIGNMENT;Lab 0 - Primeiros passos com o Python;2025-03-25 18:00:00;2025-05-09 20:00:00
2907736642;EXAM;Exercício Avaliativo em Sala 06;2025-07-10 12:05:00;2025-07-10 13:30:00
2911760388;EXAM;TP Substitutivo;2024-12-09 18:00:00;2024-12-09 19:50:00
2912535811;ASSIGNMENT;Lab 2 - Estrutura Condicional Simples e Composta;2026-04-14 22:00:00;2026-04-29 03:55:00
2917847301;ASSIGNMENT;Extras 2 - Estrutura Condicional Simples e Compost;2025-09-10 04:00:00;2025-09-15 18:00:00
2920975259;ASSIGNMENT;Lista 3;2026-04-01 03:00:00;2026-04-10 16:00:00
2923313234;ASSIGNMENT;Lista Parsons 4 - Vetores e strings - Java;2026-03-02 04:00:00;2026-03-03 04:00:00
2924580926;EXAM;TP 6: Estrutura de Repetição por Contagem (for);2025-07-15 17:55:00;2025-07-15 19:45:00
2926666373;ASSIGNMENT;Lista 1 - Exercícios em Sala;2025-04-02 04:00:00;2025-04-20 04:00:00
2932558146;ASSIGNMENT;Lab 4 – Repetição por Condição (while);2024-09-19 04:00:00;2024-09-19 04:00:00
2935247185;EXAM;Exercicio Avaliativo em Sala 02;2025-09-09 18:00:00;2025-09-09 20:00:00
2936945225;ASSIGNMENT;Lab 1 - Variáveis e Estrutura Sequencial - 2025-2;2025-08-14 13:00:00;2025-08-27 18:00:00
2939125020;EXAM;TP 2: Est. Condicional Simples e Composta;2025-04-03 04:00:00;2025-04-04 04:00:00
2939603170;ASSIGNMENT;Simulado de Prova;2024-09-25 04:00:00;2024-12-30 04:00:00
2946975135;ASSIGNMENT;Laboratório de Programação 1;2026-02-12 12:00:00;2026-02-12 16:00:00
2948477131;ASSIGNMENT;Lista Parsons 0 - Familiarização - Java;2026-04-08 04:00:00;2026-04-17 04:00:00
2964950331;ASSIGNMENT;Lab 6 - Repetição por Contagem (for);2025-07-01 20:00:00;2025-07-10 20:00:00
2966173239;EXAM;Segunda Chamada TP 4: Repetição por Condição;2024-11-28 22:10:00;2024-11-28 23:30:00
2971729861;ASSIGNMENT;Lab 1.2;2025-04-03 03:00:00;2025-12-01 03:00:00
2979270218;ASSIGNMENT;Lab 3 - Estrutura Condicional Encadeada;2026-04-15 20:00:00;2026-04-20 22:00:00
2980806831;ASSIGNMENT;Lab 3;2025-04-01 04:00:00;2025-04-14 03:55:00
2984948296;EXAM;Avaliação - Recuperação 1º Bimestre;2025-05-15 03:00:00;2025-05-15 21:30:00
2991261103;ASSIGNMENT;L18 - Tipos estruturados;2024-10-31 22:00:00;2024-11-19 22:00:00
2992524319;ASSIGNMENT;Lista 1;2025-04-24 04:00:00;2025-05-31 04:00:00
2998169943;ASSIGNMENT;Lista 4 – Repetição por Condição (while);2024-10-14 23:55:00;2024-10-30 23:55:00
2998727010;EXAM;Exercicio Avaliativo em Sala 01;2025-09-03 22:10:00;2025-09-03 23:10:00
3008001671;EXAM;TP 4: Estrutura de Repetição por Condição;2026-05-18 04:00:00;2026-05-18 04:00:00
3010132249;ASSIGNMENT;Lista Parsons 1 - Estrutura Sequencial - Python;2025-09-18 03:00:00;2026-04-25 03:00:00
3010871752;ASSIGNMENT;Lista Parsons 2 - Estruturas Condicionais - Python;2025-12-22 03:00:00;2026-05-15 03:00:00
3010965527;ASSIGNMENT;Lista Parsons 4 - Strings e listas - Python;2025-12-18 04:00:00;2026-08-28 04:00:00
3011120065;ASSIGNMENT;Lab 5 - Strings  e Listas;2025-08-15 04:00:00;2025-12-13 04:00:00
3012300772;ASSIGNMENT;Lista 3 - Estrutura Condicional Encadeada;2024-09-19 04:00:00;2024-09-19 04:00:00
3016639722;ASSIGNMENT;Lista Parsons 2 - Estruturas condicionais - Java;2026-03-02 04:00:00;2026-03-03 04:00:00
3020318285;ASSIGNMENT;Lab 4 – Repetição por Condição (while);2024-10-17 22:00:00;2024-10-31 21:00:00
3022844154;EXAM;Avaliacao 01 - Gabriel;2025-06-16 04:00:00;2025-06-16 04:00:00
3025035336;ASSIGNMENT;Prática 11 - Ponteiros 1;2024-10-29 04:00:00;2024-12-30 04:00:00
3026240610;ASSIGNMENT;Lab 02 - Vetores com lista;2025-10-07 04:15:00;2025-10-07 04:15:00
3038429952;EXAM;TP 1: Variáveis e Estrutura Sequencial -2a Chamada;2025-05-30 00:00:00;2025-05-30 01:30:00
3039737363;EXAM;TP 3: Estrutura Condicional Encadeada;2025-09-29 14:00:00;2025-09-29 16:00:00
3041167610;ASSIGNMENT;Extras 5: Listas, Strings e Vetores;2024-11-12 04:00:00;2024-11-18 14:00:00
3044451820;ASSIGNMENT;Extras 5: Listas, Strings e Vetores;2024-11-21 04:00:00;2024-11-29 03:55:00
3049799544;ASSIGNMENT;Lista 3 - Estrutura Condicional Encadeada;2024-10-08 05:00:00;2024-10-15 16:00:00
3051147087;EXAM;TP 5: Vetores e Strings;2024-11-21 12:10:00;2024-11-21 13:30:00
3051262371;ASSIGNMENT;Lab 4 – Repetição por Condição (while);2026-05-06 04:00:00;2026-06-02 04:00:00
3056390237;EXAM;pré-avaliação I;2026-03-24 15:00:00;2026-03-26 19:10:00
3057714338;ASSIGNMENT;Lab 2 - Estrutura Condicional Composta;2025-04-20 04:00:00;2025-04-20 04:00:00
3065626218;ASSIGNMENT;Prática 08 - Simulado de 24/set;2024-10-03 23:00:00;2024-12-30 04:00:00
3071719669;EXAM;TP 1: Variáveis e Estrutura Sequencial;2025-08-28 22:00:00;2025-08-28 23:10:00
3081907198;EXAM;Lista 1 - Grupo Controle;2025-10-08 14:00:00;2025-10-08 16:10:00
3083761091;ASSIGNMENT;Extras 4 – Repetição por Condição (while);2024-10-21 04:40:00;2024-10-30 14:00:00
3085871752;ASSIGNMENT;Lista Parsons 2 - Estruturas condicionais - Python;2025-12-22 03:00:00;2026-02-19 03:00:00
3088251310;EXAM;TP Substitutivo;2025-07-17 12:05:00;2025-07-17 13:30:00
3096570144;ASSIGNMENT;Lab 2 - Estrutura Condicional Simples e Composta;2025-04-15 12:40:00;2025-04-29 12:00:00
3096794494;ASSIGNMENT;Lab 0 - Primeiros passos com o Python;2024-08-26 04:00:00;2024-09-16 04:00:00
3106599869;ASSIGNMENT;ihc;2025-11-17 03:00:00;2025-11-19 03:00:00
3112659556;EXAM;TP 4: Estrutura de Repetição por Condição;2025-10-21 12:05:00;2025-10-21 13:30:00
3115713681;ASSIGNMENT;L01 - Python;2025-08-14 04:00:00;2026-01-15 04:00:00
3116529940;EXAM;TP 2: Est. Condicional Simples e Composta;2026-04-08 20:00:00;2026-04-08 21:55:00
3124660304;ASSIGNMENT;Lab 2 - Estrutura Condicional Simples e Composta;2025-08-15 04:00:00;2025-12-13 04:00:00
3126845103;ASSIGNMENT;Prática da Avaliação Parcial 1;2024-10-04 16:35:00;2024-12-30 04:00:00
3130917288;ASSIGNMENT;Lista 17;2026-03-31 16:00:00;2026-04-07 16:00:00
3131004354;ASSIGNMENT;Lab 03 - Vetores com Numpy;2025-10-01 23:00:00;2025-11-05 03:55:00
3134967125;ASSIGNMENT;Lab 6 - Repetição por Contagem (for);2025-11-26 22:00:00;2025-12-01 22:00:00
3138746197;ASSIGNMENT;Lab 0 - Primeiros passos com o Python;2025-08-19 18:00:00;2025-10-21 18:00:00
3139927300;ASSIGNMENT;Prática 19 - Exercício de 05/nov;2024-11-19 04:00:00;2024-12-30 04:00:00
3141050117;EXAM;TP 1: Variáveis e Estrutura Sequencial;2026-03-25 04:00:00;2026-03-25 04:00:00
3152181881;ASSIGNMENT;Extras 4 – Repetição por Condição (while);2024-10-29 22:00:00;2024-10-31 21:00:00
3157692969;ASSIGNMENT;Prática 21 - Recursão 1;2024-11-21 04:00:00;2024-12-30 04:00:00
3161358303;ASSIGNMENT;Lab 02 - Vetores com lista;2024-10-23 22:00:00;2024-10-30 03:55:00
3163132249;ASSIGNMENT;Lista Parsons 1 - Estrutura sequencial - Python;2025-09-18 03:00:00;2026-02-20 03:00:00
3171143383;ASSIGNMENT;Lab 02 - Vetores com lista;2025-09-03 22:30:00;2025-11-05 03:55:00
3171843614;ASSIGNMENT;Lab 3 - Estrutura Condicional Encadeada;2025-04-28 22:10:00;2025-05-07 21:55:00
3176084411;ASSIGNMENT;Lab 05 - Listas, Filas e Pilhas;2025-11-19 22:00:00;2025-12-01 16:00:00
3178722373;ASSIGNMENT;Lista 3;2026-02-10 17:00:00;2026-03-16 02:55:00
3179933194;ASSIGNMENT;L01 - Introdução ao Python;2025-11-03 22:15:00;2025-11-17 04:00:00
3182196793;ASSIGNMENT;L10 - Diversos;2025-11-21 17:20:00;2025-12-10 22:00:00
3185479952;ASSIGNMENT;Extras 6 - Repetição por Contagem (for);2024-11-27 23:55:00;2024-12-09 23:55:00
3191180974;ASSIGNMENT;Prática 04 - Laços de repetição;2024-09-19 13:00:00;2024-12-30 04:00:00
3199703877;ASSIGNMENT;Lab 1 (Introdução a C - variáveis e operadores);2025-03-19 04:00:00;2025-03-27 03:55:00
3204060266;ASSIGNMENT;Lab 3 - Estrutura Condicional Encadeada;2026-04-22 18:00:00;2026-04-29 20:00:00
3205728087;ASSIGNMENT;Lista Parsons 2 - Estruturas condicionais - GO;2026-04-10 18:00:00;2026-04-17 20:00:00
3206222403;ASSIGNMENT;Soma;2026-03-19 03:00:00;2026-04-30 03:00:00
3209184560;ASSIGNMENT;Prática 18 - Tipos estruturados;2024-11-18 04:00:00;2024-12-30 04:00:00
3210386432;ASSIGNMENT;Extras 2:  Estr Condicional Simples e Composta;2024-09-19 19:00:00;2024-10-31 18:00:00
3211768479;EXAM;TP 6: Estrutura de Repetição por Contagem (for);2024-12-05 12:10:00;2024-12-05 13:40:00
3213122898;ASSIGNMENT;Lista 11;2025-05-09 16:00:00;2025-05-16 16:00:00
3216870083;ASSIGNMENT;Lab 6 - Repetição por Contagem (for);2024-11-26 22:00:00;2024-12-04 03:55:00
3224302451;ASSIGNMENT;Lista em C;2025-06-06 03:00:00;2025-06-13 20:00:00
3224541700;ASSIGNMENT;L5;2025-04-15 22:00:00;2025-04-16 02:30:00
3227132249;ASSIGNMENT;Lista Parsons 1 - Estrutura Sequencial - Python;2026-04-08 22:00:00;2026-04-09 01:30:00
3227284654;ASSIGNMENT;Lista Parsons 3 - Laço While - Python;2026-04-22 22:00:00;2026-04-23 01:30:00
3227799764;ASSIGNMENT;Lista Parsons 0 - Familiarização - Python;2026-04-02 22:00:00;2026-04-03 01:30:00
3227871752;ASSIGNMENT;Lista Parsons 2 - Estruturas Condicionais - Python;2026-04-15 22:00:00;2026-04-16 01:30:00
3227965527;ASSIGNMENT;Lista Parsons 4 - Strings e listas - Python;2026-05-13 22:00:00;2026-05-14 01:30:00
3236716822;EXAM;Exercício Avaliativo em Sala 04;2025-06-03 12:00:00;2025-06-03 13:45:00
3238992858;EXAM;TP 3: Estrutura Condicional Encadeada;2025-05-07 20:10:00;2025-05-07 21:30:00
3239783419;ASSIGNMENT;Lab 0 - Primeiros passos com o Python - 2026-1;2026-03-09 22:00:00;2026-04-01 22:00:00
3239899347;EXAM;TP 1: Variáveis e Estrutura Sequencial;2025-08-28 12:05:00;2025-08-28 13:10:00
3244873510;ASSIGNMENT;Lab 0 – Primeiros passos com o Python;2026-04-23 18:00:00;2026-05-01 03:55:00
3245772656;EXAM;TP 4: Estrutura de Repetição por Condição;2024-11-07 22:10:00;2024-11-07 23:30:00
3248790252;EXAM;TP 3: Estrutura Condicional Encadeada;2024-10-29 18:00:00;2024-10-29 19:25:00
3252450456;ASSIGNMENT;Lab 9 (recursão);2024-11-04 22:00:00;2024-11-12 22:00:00
3252486309;EXAM;TP 6: Estrutura de Repetição por Contagem (for);2025-12-04 20:00:00;2025-12-04 21:00:00
3252499403;ASSIGNMENT;Lab 6 - Repetição por Contagem (for);2024-10-21 04:00:00;2024-10-22 04:00:00
3258530002;EXAM;Simulado Final;2025-07-25 12:20:00;2025-07-25 14:20:00
3266560899;ASSIGNMENT;Lista 1 - Exercícios em Sala;2025-03-20 20:00:00;2025-04-04 04:00:00
3266661410;ASSIGNMENT;Lab 0 – Primeiros passos com o Python-IFAM-CPA;2025-03-19 03:00:00;2025-12-01 03:00:00
3268648771;EXAM;Avaliação Final de Disciplina;2026-03-02 03:00:00;2026-03-16 02:55:00
3269136363;ASSIGNMENT;Lista 1;2025-09-29 04:00:00;2025-11-23 11:00:00
3273628079;ASSIGNMENT;Lista do Neném Doente! (Comandos de laço);2025-05-28 18:00:00;2025-07-15 02:00:00
3280428218;EXAM;TP 6: Estrutura de Repetição por Contagem (for);2025-12-04 18:00:00;2025-12-04 20:00:00
3284830936;ASSIGNMENT;Lab 1 - Variáveis e Estrutura Sequencial - 2025-2;2025-08-14 22:00:00;2025-08-28 22:00:00
3286289101;EXAM;TP Substitutivo;2025-12-04 12:20:00;2025-12-04 14:10:00
3286307384;EXAM;Treino de prova 2;2024-12-09 14:20:00;2024-12-09 14:40:00
3288883829;ASSIGNMENT;Lista de Exercícios I;2024-08-16 04:00:00;2024-08-31 04:00:00
3289124859;ASSIGNMENT;5 - Repetição por Contagem (comand para - for);2025-05-21 04:00:00;2025-07-30 04:00:00
3289301019;ASSIGNMENT;Lab 6 - Repetição por Contagem (for);2024-11-27 23:55:00;2024-12-09 23:55:00
3290524067;ASSIGNMENT;Lab 3 - Estrutura Condicional Encadeada;2025-09-18 04:15:00;2025-12-09 22:00:00
3291118136;ASSIGNMENT;00 - Minha primeira lista S2;2026-04-17 12:00:00;2026-06-30 04:00:00
3292176954;ASSIGNMENT;Extras 5: Listas, Strings e Vetores;2024-11-14 18:00:00;2024-11-26 18:00:00
3295401135;ASSIGNMENT;Lab 03 - Vetores com Numpy;2024-12-11 22:30:00;2024-12-18 03:55:00
3301052159;EXAM;TP 5: Listas e Strings;2025-11-18 00:10:00;2025-11-18 01:40:00
3308078546;ASSIGNMENT;L04 - Funções (desenvolvimento incremental);2026-04-10 14:00:00;2026-04-14 03:55:00
3309731230;ASSIGNMENT;Lista 7;2026-02-24 16:00:00;2026-03-16 02:55:00
3317057528;ASSIGNMENT;Lista Parsons 2 - Estruturas Condicionais - Python;2026-04-09 14:00:00;2026-04-09 18:00:00
3318281504;ASSIGNMENT;Lab 0 - Primeiros passos com o Python;2025-03-17 22:00:00;2025-04-02 21:55:00
3318628836;ASSIGNMENT;L05 - Recursão;2025-09-17 19:40:00;2025-10-06 03:55:00
3327276478;ASSIGNMENT;Lab 5 - Strings  e Listas;2025-11-06 20:00:00;2025-11-13 20:00:00
3327613834;ASSIGNMENT;Lab 1 - Variáveis e Estrutura Sequencial;2026-03-11 21:00:00;2026-03-23 19:55:00
3331310142;EXAM;Exercício Avaliativo em Sala 04;2025-10-29 18:00:00;2025-11-03 20:00:00
3334494446;EXAM;Exercicio Avaliativo em Sala 01;2025-08-28 00:10:00;2025-08-28 01:15:00
3339573334;ASSIGNMENT;Extras 3 - Estrutura Condicional Encadeada;2024-10-08 19:30:00;2024-10-29 18:00:00
3340432717;ASSIGNMENT;Lab 3 - Estrutura Condicional Encadeada;2025-08-15 04:00:00;2025-12-13 04:00:00
3342957253;EXAM;Exercicio Avaliativo em Sala 02;2025-09-16 20:30:00;2025-09-16 22:00:00
3345379557;ASSIGNMENT;Laboratório de Teste;2025-03-20 04:00:00;2025-07-21 04:00:00
3346236714;ASSIGNMENT;Extras 1: Variáveis e Estrutura Sequencial;2025-05-06 04:00:00;2025-05-30 04:00:00
3349509843;EXAM;Prova Final;2025-12-09 21:55:00;2025-12-09 23:30:00
3350924209;EXAM;TP 2: Est. Condicional Simples e Composta;2025-09-15 14:00:00;2025-09-15 16:00:00
3351156620;ASSIGNMENT;L07 - Strings;2025-10-22 15:15:00;2025-11-10 03:55:00
3356238538;ASSIGNMENT;Teste;2025-02-01 04:00:00;2025-02-03 04:00:00
3360115516;ASSIGNMENT;Lab 2 - Estrutura Condicional Composta;2025-05-15 18:00:00;2025-05-26 03:55:00
3363954071;ASSIGNMENT;Quicksort;2025-04-09 08:00:00;2025-06-30 03:00:00
3367311451;ASSIGNMENT;Lab 1 - Resumo Lógica de Programação;2025-03-01 03:00:00;2025-03-23 03:00:00
3368070939;ASSIGNMENT;Lista Parsons 1 - Estrutura sequencial - Java;2026-04-08 21:00:00;2026-04-09 02:00:00
3370658733;EXAM;Exercício Avaliativo em Sala 05;2025-10-28 04:00:00;2025-12-17 04:00:00
3380479312;ASSIGNMENT;Lista Parsons 1 - Estrutura sequencial - Java;2026-04-08 04:00:00;2026-04-17 04:00:00
3382740185;ASSIGNMENT;Extra 3: Condicionais Encadeados (if/elif);2025-04-20 04:00:00;2025-04-20 04:00:00
3383589918;ASSIGNMENT;Lista Parsons 0 - Familiarização - Go;2026-02-05 03:00:00;2026-07-31 03:00:00
3386751171;ASSIGNMENT;Lista Parsons 2 - Estruturas condicionais - C;2026-01-21 04:00:00;2026-07-31 04:00:00
3387522801;ASSIGNMENT;Lista 0;2025-04-04 16:00:00;2025-04-04 20:00:00
3388307271;ASSIGNMENT;Lab 2 - Estrutura Condicional Composta;2025-05-14 22:00:00;2025-05-26 03:55:00
3390633535;EXAM;Exercício Avaliativo em Sala 04;2025-06-05 17:55:00;2025-06-05 19:45:00
3403894901;EXAM;Prova Final;2025-12-11 00:10:00;2025-12-11 01:40:00
3405037962;ASSIGNMENT;02 - Desenvolvendo Condicionais;2025-05-05 04:00:00;2025-07-30 04:00:00
3405231839;EXAM;TP 6: Estrutura de Repetição por Contagem (for);2025-12-04 20:00:00;2025-12-04 21:00:00
3416417615;ASSIGNMENT;Extras 3 - Estrutura Condicional Encadeada;2024-10-11 01:10:00;2024-10-16 00:00:00
3418822359;ASSIGNMENT;Lab 0 - Primeiros passos com o Python - 2026-1;2026-03-10 22:00:00;2026-03-26 22:00:00
3421996521;ASSIGNMENT;Lab 6 - Funções;2025-08-28 03:00:00;2025-12-03 03:00:00
3422757337;ASSIGNMENT;Extras 01 - Modularização: Funções;2025-10-07 04:10:00;2025-10-07 04:10:00
3425448336;ASSIGNMENT;Lista 5;2026-02-24 16:00:00;2026-03-16 02:55:00
3430137444;EXAM;Exercicio Avaliativo em Sala 03;2025-05-13 18:05:00;2025-05-13 19:45:00
3433939278;ASSIGNMENT;Lista 12;2025-05-16 16:00:00;2025-05-23 16:00:00
3435325918;ASSIGNMENT;Lab 2 - Estrutura Condicional Simples e Composta;2025-09-03 14:00:00;2025-09-15 14:00:00
3445850768;ASSIGNMENT;Lab 3 - Estrutura Condicional Encadeada;2025-09-16 12:10:00;2025-09-25 12:00:00
3450543649;ASSIGNMENT;L03 - Condicionais e Laços;2026-04-10 14:00:00;2026-04-14 03:55:00
3453605627;EXAM;Exercício Avaliativo em Sala 06;2025-12-01 14:00:00;2025-12-01 16:00:00
3457830191;EXAM;Segunda Chamada TP 5: Vetores e Strings;2024-11-28 22:10:00;2024-11-28 23:30:00
3457907602;EXAM;Prova Final;2025-07-23 20:10:00;2025-07-23 21:40:00
3459140953;EXAM;TP 5: Listas e Strings;2026-06-08 04:00:00;2026-06-08 04:00:00
3464141881;ASSIGNMENT;Prática 09 - Opcionais 2;2024-10-04 04:00:00;2024-12-30 04:00:00
3464756665;EXAM;Avaliação 1 - Pt 2;2025-10-03 16:00:00;2025-10-03 19:00:00
3466219316;ASSIGNMENT;Lab 0 - Primeiros passos com o Python;2024-08-27 04:00:00;2024-09-28 03:55:00
3473219772;ASSIGNMENT;Lista 4 – Repetição por Condição (while);2024-09-19 04:00:00;2024-09-19 04:00:00
3475816955;ASSIGNMENT;Lista 19;2026-04-28 16:00:00;2026-05-05 15:00:00
3478679877;ASSIGNMENT;L10 - Opcionais 3;2024-10-01 22:00:00;2024-10-03 22:00:00
3479465469;ASSIGNMENT;03 - Condicionais Simples e Compostas;2025-05-05 04:00:00;2025-07-30 04:00:00
3481506220;ASSIGNMENT;Lab 5 - Listas, Strings e Vetores;2024-11-04 15:00:00;2024-11-18 14:00:00
3484631547;ASSIGNMENT;Lab 0 - Aquecimento;2025-08-06 22:00:00;2025-10-01 03:55:00
3493266238;ASSIGNMENT;Exercício em Sala - Strings;2025-10-08 22:30:00;2025-10-13 03:55:00
3496356051;ASSIGNMENT;Lab 3 - Estrutura Condicional Encadeada;2025-09-25 20:00:00;2025-09-30 20:00:00
3497556209;ASSIGNMENT;L05 - Árvores binárias de busca;2024-12-03 19:50:00;2025-01-16 19:00:00
3502465149;EXAM;Prova Final;2024-12-17 22:10:00;2024-12-17 23:40:00
3505160406;EXAM;Exercicio Avaliativo em Sala 03;2025-09-23 12:00:00;2025-09-23 13:50:00
3510443717;ASSIGNMENT;Trabalho em Go;2024-08-24 04:00:00;2024-08-31 04:00:00
3511442362;ASSIGNMENT;L15 - Opcionais 5;2024-11-12 05:00:00;2024-12-30 04:00:00
3511949213;ASSIGNMENT;Lab 1 - Variáveis e Estrutura Sequencial;2025-03-27 20:00:00;2025-04-03 19:55:00
3512121263;ASSIGNMENT;Extra 4: Repetição por Condição (while);2025-04-20 04:00:00;2025-04-20 04:00:00
3513149241;EXAM;TP 2: Est. Condicional Simples e Composta;2024-10-03 22:10:00;2024-10-03 23:30:00
3515116447;ASSIGNMENT;Lista 11;2026-03-17 16:00:00;2026-03-24 02:55:00
3517092575;ASSIGNMENT;Lab 4 – Repetição por Condição (while);2024-10-29 04:00:00;2024-11-13 03:55:00
3520951783;ASSIGNMENT;Segunda Lista de Exercícios IC 2025-1;2025-05-16 15:00:00;2025-06-13 14:00:00
3522740279;ASSIGNMENT;Atividade da Sexta 23/05!!;2025-05-28 18:00:00;2025-07-15 02:00:00
3524242671;ASSIGNMENT;Lista Parsons 4 - Vetores e strings - Go;2026-05-08 18:00:00;2026-05-08 20:00:00
3524563208;EXAM;Prova Final;2025-07-17 22:00:00;2025-07-17 23:30:00
3530747370;ASSIGNMENT;Lab 4 - Repetição por Condição (while);2025-04-20 04:00:00;2025-04-20 04:00:00
3533170857;ASSIGNMENT;Loops 1;2026-03-03 18:00:00;2026-03-14 03:55:00
3533922878;ASSIGNMENT;Lab 4;2024-09-23 04:00:00;2024-09-30 04:00:00
3535528106;ASSIGNMENT;Terceira Lista de Exercícios;2024-11-29 10:00:00;2024-12-16 22:00:00
3537044374;ASSIGNMENT;Lab 0 – Primeiros passos com o Python;2025-04-01 04:00:00;2025-04-20 04:00:00
3547708561;EXAM;TP 6: Estrutura de Repetição por Contagem (for);2026-06-22 04:00:00;2026-06-22 04:00:00
3551885672;EXAM;TP 2: Est. Condicional Simples e Composta;2025-09-16 21:50:00;2025-09-16 23:05:00
3553757083;EXAM;TP 1: Variáveis e Estrutura Sequencial;2025-04-10 18:00:00;2025-04-10 19:45:00
3558466599;EXAM;Lab Cadastro (Jonas);2025-05-08 04:00:00;2025-05-09 04:00:00
3560225889;EXAM;TP 1: Variáveis e Estrutura Sequencial;2025-04-03 20:00:00;2025-04-03 21:45:00
3565371139;ASSIGNMENT;Extras 4 – Repetição por Condição (while);2025-05-20 20:00:00;2025-06-03 19:50:00
3573132249;ASSIGNMENT;Lista Parsons 1 - Estrutura Sequencial - Python;2026-03-19 12:00:00;2026-03-19 14:00:00
3573284654;ASSIGNMENT;Lista Parsons 3 - Laço While - Python;2026-05-12 12:00:00;2026-05-12 14:00:00
3573799764;ASSIGNMENT;Lista Parsons 0 - Familiarização - Python;2026-03-10 12:00:00;2026-03-10 14:00:00
3573871752;ASSIGNMENT;Lista Parsons 2 - Estruturas Condicionais - Python;2026-04-07 12:00:00;2026-04-07 14:00:00
3573965527;ASSIGNMENT;Lista Parsons 4 - Strings e listas - Python;2026-06-02 12:00:00;2026-06-02 14:00:00
3578507965;ASSIGNMENT;Lab 1 - Variáveis e Estrutura Sequencial;2025-03-19 22:00:00;2025-04-02 21:55:00
3579386578;ASSIGNMENT;Extras 2 - Estrutura Condicional Simples e Compost;2024-09-10 04:00:00;2024-09-17 04:00:00
3584219832;ASSIGNMENT;Lab 3 - Estrutura Condicional Encadeada;2024-10-08 19:00:00;2024-12-20 01:00:00
3584544776;ASSIGNMENT;L01 - Testes no Code Bench;2024-08-29 22:00:00;2024-09-10 22:00:00
3584859508;ASSIGNMENT;Lab 4 – Repetição por Condição (while);2025-10-02 00:10:00;2025-10-23 00:10:00
3584997415;ASSIGNMENT;01 - Basico de Condicionais;2025-05-05 04:00:00;2025-07-15 04:00:00
3586367516;ASSIGNMENT;L01 - Python;2026-02-11 04:00:00;2026-02-27 04:00:00
3587374683;EXAM;Prova 1 alternativa;2024-11-01 14:45:00;2024-11-01 16:15:00
3588038808;ASSIGNMENT;00 - Minha primeira lista S2;2025-04-24 04:00:00;2025-07-31 03:55:00
3588134708;ASSIGNMENT;Lab 5 - Strings  e Listas;2025-06-05 18:15:00;2025-06-26 17:55:00
3589762752;ASSIGNMENT;Lab 1 - Variáveis e Estrutura Sequencial - 2026-1;2026-03-25 18:00:00;2026-04-01 20:00:00
3590582358;EXAM;TP 2: Est. Condicional Simples e Composta;2025-09-18 20:00:00;2025-09-18 21:10:00
3590674206;EXAM;Prova Final 2025-1;2025-07-18 14:00:00;2025-07-18 16:00:00
3601385277;ASSIGNMENT;Lab 6 - Repetição por Contagem (for);2025-04-20 04:00:00;2025-04-20 04:00:00
3603182939;ASSIGNMENT;TP 1: Variáveis e Estrutura Sequencial;2026-04-23 22:00:00;2026-04-24 00:00:00
3608823483;EXAM;Avaliação I - 3º Bimestre;2025-09-25 03:00:00;2025-09-27 21:30:00
3613376176;EXAM;TP 1: Variáveis e Estrutura Sequencial;2026-03-26 12:10:00;2026-03-26 13:25:00
3615124659;EXAM;Prova Final;2025-07-17 18:00:00;2025-07-17 20:00:00
3638654298;EXAM;Exercicio Avaliativo em Sala 02;2025-04-14 18:15:00;2025-04-14 19:45:00
3639355978;EXAM;Avaliação 1;2025-03-28 16:20:00;2025-03-28 19:00:00
3640521738;ASSIGNMENT;Lab 6 - Repetição por Contagem (for);2025-11-18 12:15:00;2025-12-02 12:00:00
3643744324;ASSIGNMENT;Lab 1 - Variáveis e Estrutura Sequencial;2025-03-24 18:00:00;2025-04-02 20:00:00
3648831741;EXAM;Avaliação 2;2025-12-12 16:15:00;2025-12-12 18:00:00
3649835072;ASSIGNMENT;Lab 1 - Variáveis e Estrutura Sequencial - 2025-2;2025-08-14 22:00:00;2025-12-09 22:00:00
3650409863;EXAM;Avaliação Parcial 3 (segunda chamada);2024-12-03 22:00:00;2024-12-03 23:50:00
3655986585;EXAM;Exercício Avaliativo em Sala 06;2025-12-02 20:00:00;2025-12-02 21:00:00
3656046274;ASSIGNMENT;Lista 2;2025-02-14 16:00:00;2025-03-14 16:00:00
3659074144;ASSIGNMENT;L12 - Ponteiros 2;2024-10-09 17:30:00;2024-11-01 03:55:00
3664889204;ASSIGNMENT;Lista 5 - Exercícios em Sala;2024-11-04 04:00:00;2024-11-18 14:00:00
3676363011;ASSIGNMENT;Lab 4 – Repetição por Condição (while);2024-10-14 14:00:00;2024-10-30 14:00:00
3680551511;EXAM;TP 5: Listas e Strings;2025-07-01 12:05:00;2025-07-01 13:30:00
3680718708;ASSIGNMENT;Extras 1 - Variáveis e Estrutura Sequencial;2024-08-28 20:00:00;2024-09-12 03:55:00
3683760687;ASSIGNMENT;Extras 2 - Estrutura Condicional Simples e Compost;2025-09-09 12:00:00;2025-09-11 12:00:00
3693241225;EXAM;Lista 1 - Grupo Folha com Respostas;2025-10-08 14:00:00;2025-10-08 16:10:00
3695044953;ASSIGNMENT;Prática 13 - Opcionais 4;2024-10-29 06:00:00;2024-12-30 04:00:00
3699751892;ASSIGNMENT;Lab 8 (arquivos);2025-06-02 04:00:00;2025-06-09 03:55:00
3703380208;ASSIGNMENT;Introdução ao Python;2026-03-16 04:00:00;2026-04-30 04:00:00
3706417653;ASSIGNMENT;Lab 10 (listas);2024-11-13 15:00:00;2024-11-23 03:55:00
3708764758;ASSIGNMENT;Lab 4 – Repetição por Condição (while);2025-10-13 22:54:00;2025-10-23 00:00:00
3715672147;ASSIGNMENT;Lab 4 - Repetição por Condição (while);2025-06-26 18:30:00;2025-07-14 03:55:00
3716682408;EXAM;TP 3: Estrutura Condicional Encadeada;2024-10-01 04:00:00;2024-10-08 04:00:00
3719410613;ASSIGNMENT;Extras 3 - Estrutura Condicional Encadeada;2025-09-22 04:00:00;2025-10-01 18:00:00
3723721944;ASSIGNMENT;L08 - Alocação dinâmica;2025-11-03 16:30:00;2025-11-24 03:55:00
3733668664;ASSIGNMENT;Lista 11;2025-11-07 16:00:00;2025-11-14 15:00:00
3737171991;ASSIGNMENT;L1.3;2026-03-18 03:00:00;2026-04-30 03:00:00
3737754231;ASSIGNMENT;L2;2025-03-25 03:00:00;2025-03-26 03:30:00
3745177756;ASSIGNMENT;Lista 6 - Exercícios em Sala;2024-11-26 22:00:00;2024-12-03 22:00:00
3745768977;ASSIGNMENT;Lista Parsons 1 - Estrutura Sequencial - Python;2026-04-07 12:00:00;2026-04-09 03:55:00
3748517304;EXAM;TP 1: Variáveis e Estrutura Sequencial;2025-04-10 12:05:00;2025-04-10 13:05:00
3754129368;EXAM;TP 4: Estrutura de Repetição por Condição;2025-10-29 22:00:00;2025-10-29 23:00:00
3754159291;ASSIGNMENT;Lista Parsons 4 - Vetores e strings - Java;2026-03-03 04:00:00;2026-08-31 04:00:00
3754308842;ASSIGNMENT;Prática 05 - Exercícios de 17/09;2024-09-19 14:00:00;2024-12-30 04:00:00
3757299312;EXAM;Avaliação de teste;2026-03-24 22:00:00;2026-03-28 03:55:00
3759671026;EXAM;Exercício Avaliativo em Sala 06;2025-07-10 17:55:00;2025-07-10 19:45:00
3770078433;EXAM;Avaliacao de Algoritmos - Etapa 01;2025-06-06 00:00:00;2025-06-07 02:00:00
3775334196;ASSIGNMENT;Lista de Exercícios de Condicionais;2025-02-18 03:00:00;2025-02-22 04:00:00
3775820308;EXAM;TP 4: Estrutura de Repetição por Condição;2024-10-21 04:00:00;2024-10-22 12:00:00
3777806609;EXAM;Exercício Avaliativo em Sala 05;2025-06-28 18:00:00;2025-06-28 20:00:00
3778443691;ASSIGNMENT;Lab 3 - Estrutura Condicional Encadeada;2025-05-21 22:00:00;2025-06-04 03:55:00
3783255937;EXAM;Exercicio Avaliativo em Sala 01;2025-08-27 04:00:00;2025-09-01 18:00:00
3784447574;ASSIGNMENT;Lista 2 - Exercícios em Sala;2024-09-19 18:00:00;2024-10-31 18:00:00
3784713390;ASSIGNMENT;Lista Encadeada 2.0;2025-09-12 18:50:00;2025-12-05 03:55:00
3786464216;EXAM;TP 2: Est. Condicional Simples e Composta;2026-04-08 04:00:00;2026-04-08 04:00:00
3791054084;ASSIGNMENT;Lab 1 - Variáveis e Estrutura Sequencial - 2026-1;2026-03-16 04:00:00;2026-03-20 04:00:00
3791131671;ASSIGNMENT;Lista Parsons 2 - Estruturas condicionais - Java;2026-04-22 21:00:00;2026-04-23 01:30:00
3792430146;ASSIGNMENT;Lab 2 - Estrutura Condicional Simples e Composta;2025-09-02 22:00:00;2025-12-09 22:00:00
3796204164;EXAM;TP 3: Estrutura Condicional Encadeada;2025-09-11 04:00:00;2025-12-17 04:00:00
3799696342;ASSIGNMENT;Extras 3 - Estrutura Condicional Encadeada;2024-09-30 23:55:00;2024-10-09 23:55:00
3804028471;ASSIGNMENT;Lab 3 - Estrutura Condicional Encadeada;2025-09-17 18:00:00;2025-10-01 18:00:00
3806505643;ASSIGNMENT;L20 - Opcionais 6 (desafios de recursão);2024-11-14 22:00:00;2024-11-28 22:00:00
3811688062;EXAM;Prova 1;2024-11-01 14:15:00;2024-11-01 15:45:00
3818101249;ASSIGNMENT;Lista 3 - Estrutura Condicional Encadeada;2024-09-30 17:00:00;2024-10-09 17:55:00
3820817183;ASSIGNMENT;nova lista;2025-11-24 03:00:00;2025-11-27 03:00:00
3820973410;ASSIGNMENT;Lista Parsons 3 - Laço While - Python;2026-03-10 05:00:00;2026-07-30 05:00:00
3825868039;ASSIGNMENT;Lista 14;2026-03-24 16:00:00;2026-03-31 16:00:00
3830282011;ASSIGNMENT;Lab 6 - Repetição por Contagem (for);2025-06-23 20:20:00;2025-07-02 20:00:00
3830751736;ASSIGNMENT;Lista Parsons 3 - Laço while - Java;2026-03-02 04:00:00;2026-03-03 04:00:00
3833175682;EXAM;Exercício Avaliativo em Sala 05;2025-11-19 18:00:00;2025-11-24 18:00:00
3835760469;EXAM;Teste;2025-12-10 17:50:00;2025-12-10 19:30:00
3844653257;ASSIGNMENT;Lab 2 - [Errado/Apagar/Não Fazer];2025-07-30 17:30:00;2025-07-30 18:00:00
3850264478;ASSIGNMENT;Extras 3 - Estrutura Condicional Encadeada;2026-04-13 04:00:00;2026-04-20 04:00:00
3854850956;EXAM;EXAME FINAL;2025-07-17 22:30:00;2025-07-18 00:00:00
3856668225;ASSIGNMENT;OBI;2025-06-06 03:00:00;2025-11-30 03:00:00
3856766308;ASSIGNMENT;Revisão;2025-11-11 04:00:00;2025-12-01 04:00:00
3860449314;ASSIGNMENT;Lista Parsons 0 - Familiarização - C IFGO-Ce;2026-01-21 04:00:00;2026-07-18 10:00:00
3862251525;EXAM;TP 5: Listas e Strings;2025-11-19 14:00:00;2025-11-19 16:00:00
3863709411;EXAM;Exercício Avaliativo em Sala 05;2025-11-13 20:00:00;2025-11-13 21:00:00
3866614086;EXAM;Exercício Avaliativo em Sala 04;2025-05-29 18:00:00;2025-05-29 20:00:00
3872062103;EXAM;Prova de Substituicao - IP 2025;2025-07-11 12:00:00;2025-07-12 00:00:00
3873599344;ASSIGNMENT;Lab 0 - Primeiros passos com o Python;2025-08-18 22:00:00;2025-08-25 22:00:00
3878759798;ASSIGNMENT;Lab 4 – Repetição por Condição (while);2025-05-12 20:20:00;2025-05-28 20:00:00
3880129734;EXAM;Exercicio Avaliativo em Sala 02;2025-09-10 14:00:00;2025-09-10 16:00:00
3890905529;ASSIGNMENT;Prática 07 - Exercícios para autoavaliação;2024-10-03 23:00:00;2024-12-30 04:00:00
3891970607;EXAM;TP 1: Variáveis e Estrutura Sequencial;2025-04-02 22:00:00;2025-04-02 23:50:00
3894798029;EXAM;AP1 - P1;2026-04-15 13:10:00;2026-04-15 14:50:00
3900170703;ASSIGNMENT;Lab 0 - Primeiros passos com o Python;2025-05-13 18:00:00;2025-05-31 17:00:00
3903800912;ASSIGNMENT;Lab 6 - Repetição por Contagem (for);2025-11-26 18:00:00;2025-12-10 18:00:00
3905360198;EXAM;Exercicio Avaliativo em Sala 01;2026-03-24 21:00:00;2026-04-23 22:00:00
3906480573;EXAM;Exercício Avaliativo em Sala 05;2025-11-13 00:10:00;2025-11-13 01:30:00
3907429379;EXAM;Algum titulo;2026-03-25 04:00:00;2026-03-31 04:00:00
3908701549;EXAM;TP 2: Est. Condicional Simples e Composta;2025-09-15 18:00:00;2025-09-15 19:00:00
3908857356;ASSIGNMENT;Lab 2 - Estrutura Condicional Simples e Composta;2026-04-07 04:00:00;2026-04-07 04:00:00
3910308197;ASSIGNMENT;Lab 6 (alocação dinâmica de memória);2025-05-13 04:00:00;2025-05-24 03:56:00
3910346698;ASSIGNMENT;04 - Estrutura Condicional Encadeada;2026-04-27 04:00:00;2026-07-30 04:00:00
3913244543;ASSIGNMENT;Extras 1: Variáveis e Estrutura Sequencial;2024-09-03 04:00:00;2024-09-17 11:55:00
3922576518;ASSIGNMENT;Lab 4 – Repetição por Condição (while);2024-10-14 18:00:00;2024-10-30 17:55:00
3923253953;ASSIGNMENT;Lista 4 – Repetição por Condição (while);2024-10-14 14:00:00;2024-10-30 14:00:00
3927486272;EXAM;TP 3: Estrutura Condicional Encadeada;2025-05-04 04:00:00;2025-05-05 04:00:00
3927832410;EXAM;TP 3: Estrutura Condicional Encadeada;2025-05-08 22:00:00;2025-05-08 23:40:00
3931377884;ASSIGNMENT;Exercícios da PF;2024-12-18 04:00:00;2024-12-30 04:00:00
3933884819;ASSIGNMENT;Extras 1 - Variáveis e Estrutura Sequencial;2025-08-26 12:00:00;2025-09-05 03:55:00
3935014516;EXAM;TP 6: Estrutura de Repetição por Contagem (for);2025-12-02 12:05:00;2025-12-02 13:30:00
3943477999;ASSIGNMENT;01-Listas encadeadas (nível 1);2026-03-24 04:30:00;2026-08-01 03:55:00
3966972357;ASSIGNMENT;06 - Vetores on the GO!;2026-05-06 04:00:00;2026-07-30 04:00:00
3970281085;EXAM;TP 1: Variáveis e Estrutura Sequencial;2024-09-11 18:05:00;2024-09-11 19:05:00
3972743044;ASSIGNMENT;Lista 7;2025-03-21 16:00:00;2025-03-28 16:00:00
3986245288;EXAM;Prova Final;2024-12-18 14:10:00;2024-12-18 15:50:00
3987693966;ASSIGNMENT;Algm titulo;2025-11-03 04:00:00;2025-11-29 04:00:00
4005115174;ASSIGNMENT;L05 - Ponteiros;2026-04-17 14:00:00;2026-04-17 16:00:00
4005223796;ASSIGNMENT;Lab 3 - Estrutura Condicional Encadeada;2026-04-16 14:00:00;2026-04-18 03:55:00
4006296102;EXAM;TP 2-3: Est. Condicional Encadeada;2025-05-28 22:20:00;2025-05-29 00:10:00
4013099410;ASSIGNMENT;Lista Parsons 3 - Laço while - Java;2026-03-02 04:00:00;2026-03-03 04:00:00
4016765066;EXAM;Avaliação de Reposição de IC;2024-12-06 20:00:00;2024-12-06 22:00:00
4017875974;EXAM;TP 2: Est. Condicional Simples e Composta;2026-04-20 16:20:00;2026-04-20 18:00:00
4020600801;ASSIGNMENT;Lab 3 - Estrutura Condicional Encadeada;2024-10-02 16:30:00;2024-10-09 17:55:00
4021976571;EXAM;TP 5: Listas e Strings;2025-11-18 18:00:00;2025-11-18 19:50:00
4028060958;ASSIGNMENT;Lab 3 - Estrutura Condicional Encadeada;2025-04-28 18:30:00;2025-05-07 18:00:00
4033573312;EXAM;Prova Final;2025-07-12 15:00:00;2025-07-12 17:00:00
4036065245;EXAM;Exercicio Avaliativo em Sala 02;2025-04-24 12:05:00;2025-04-24 13:15:00
4054129373;EXAM;TP 3: Estrutura Condicional Encadeada;2025-05-08 18:00:00;2025-05-08 18:50:00
4058220244;EXAM;Exercicio Avaliativo em Sala 01;2025-04-08 12:05:00;2025-04-08 13:30:00
4058863821;ASSIGNMENT;Dia 2 - Estruturas de Repetição (Loops);2025-07-22 12:00:00;2025-07-26 11:55:00
4068454498;ASSIGNMENT;Lista Parsons 3 - Laço while - Java;2026-04-17 04:00:00;2026-04-24 04:00:00
4070595350;ASSIGNMENT;Lab 2: Estrutura Condicional Simples e Composta;2024-09-19 04:00:00;2024-10-02 03:55:00
4071915580;EXAM;Lab 0 - Primeiros passos com o Python;2024-08-08 04:00:00;2024-08-31 04:00:00
4073754700;ASSIGNMENT;L06 - Vetores;2025-10-10 22:50:00;2025-11-06 03:55:00
4074374303;EXAM;TP 1: Variáveis e Estrutura Sequencial;2025-04-02 20:15:00;2025-04-02 21:15:00
4081967126;ASSIGNMENT;L03 - Operações++;2024-09-06 20:15:00;2024-09-13 22:00:00
4082731215;ASSIGNMENT;Lab 2 - Estrutura Condicional Simples e Composta;2025-09-04 00:00:00;2025-09-25 00:00:00
4083059775;ASSIGNMENT;Lab 4 – Repetição por Condição (while);2025-05-11 04:00:00;2025-05-12 04:00:00
4088381825;ASSIGNMENT;Lab 4 – Repetição por Condição (while);2025-05-13 20:00:00;2025-06-03 21:55:00
4091306758;EXAM;Prova Final;2025-12-10 22:00:00;2025-12-10 23:00:00
4095764369;ASSIGNMENT;Lab 6 - Repetição por Contagem (for);2025-08-15 04:00:00;2025-12-13 04:00:00
4102702553;ASSIGNMENT;Extras 3 - Estrutura Condicional Encadeada;2024-10-02 16:30:00;2024-10-09 18:00:00
4105804088;ASSIGNMENT;Lista Parsons 2 - Estruturas condicionais - C;2026-01-18 03:00:00;2026-02-18 03:00:00
4107906631;ASSIGNMENT;Lista 5 - Recursividade;2025-09-05 17:00:00;2025-09-26 14:00:00
4117301164;EXAM;TP 5: Listas e Strings;2025-06-26 22:00:00;2025-06-26 23:30:00
4120221940;EXAM;TP 6: Estrutura de Repetição por Contagem (for);2025-07-15 12:05:00;2025-07-15 13:30:00
4122825708;ASSIGNMENT;Lab 6 - Repetição por Contagem (for);2024-11-25 14:31:00;2024-12-04 14:00:00
4123945951;ASSIGNMENT;Lista 21;2026-04-28 16:00:00;2026-05-05 15:55:00
4128866242;ASSIGNMENT;Lista 1;2026-02-02 03:00:00;2026-03-16 02:55:00
4129131237;ASSIGNMENT;Lab 4 – Repetição por Condição (while);2025-10-07 19:00:00;2025-10-23 22:00:00
4135051364;ASSIGNMENT;L03 - Python funcional;2025-11-05 23:00:00;2025-11-17 04:00:00
4141283541;ASSIGNMENT;Lab 5 - Strings  e Listas;2025-11-03 14:00:00;2025-11-17 16:00:00
4150685043;EXAM;Avaliação 1 - Pt 3;2025-10-15 16:15:00;2025-10-15 18:00:00
4159974956;EXAM;Simulado de Prova;2024-09-24 22:05:00;2024-09-24 23:55:00
4161875373;EXAM;TP 4: Estrutura de Repetição por Condição;2025-11-03 18:00:00;2025-11-03 19:30:00
4168418250;EXAM;TP 2: Est. Condicional Simples e Composta;2025-09-16 00:10:00;2025-09-16 01:30:00
4169503654;EXAM;Exercício Avaliativo em Sala 05;2025-06-16 20:15:00;2025-06-16 21:30:00
4169966189;EXAM;Prova 2;2024-12-11 14:15:00;2024-12-11 15:45:00
4174290211;EXAM;Exercicio Avaliativo em Sala 02;2025-09-11 00:10:00;2025-09-11 01:30:00
4176536215;ASSIGNMENT;Lista Parsons 0 - Familiarização - C UEG-Goianesia;2026-01-21 04:00:00;2026-07-31 10:00:00
4176798609;ASSIGNMENT;Lista 9;2026-03-03 16:00:00;2026-03-16 02:55:00
4177344614;EXAM;TP Substutivo;2025-04-19 05:00:00;2025-04-21 03:00:00
4182784095;ASSIGNMENT;L7;2025-06-16 03:00:00;2025-06-19 02:00:00
4184345982;ASSIGNMENT;Lab 0 - Primeiros passos com o Python;2025-02-24 04:00:00;2025-02-25 04:00:00
4184842101;EXAM;Exercicio Avaliativo em Sala 03;2025-09-24 14:00:00;2025-09-24 16:00:00
4185899593;ASSIGNMENT;Lab 3 - Estrutura Condicional Encadeada;2025-05-22 18:00:00;2025-06-30 03:55:00
4187714858;EXAM;Exercicio Avaliativo em Sala 02;2026-04-09 12:25:00;2026-04-09 13:55:00
4189541226;ASSIGNMENT;02 - Desenvolvendo Condicionais;2026-04-27 04:00:00;2026-07-30 04:00:00
4190135768;EXAM;TP 6: Estrutura de Repetição por Contagem (for);2025-07-10 20:00:00;2025-07-10 21:30:00
4195343879;ASSIGNMENT;Lista 2 - Exercícios em Sala;2024-09-16 14:15:00;2024-09-25 14:00:00
4200566317;ASSIGNMENT;Lista Condicional;2026-03-23 13:15:00;2026-03-26 03:55:00
4201139881;ASSIGNMENT;Lista Parsons 1 - Estrutura sequencial - Go;2026-01-20 03:00:00;2026-02-18 03:00:00
4202037426;ASSIGNMENT;Lab 1 - Variáveis e Estrutura Sequencial - EXTRA;2025-03-20 21:00:00;2025-04-03 17:00:00
4202748937;EXAM;4 Bimestre;2025-11-26 03:00:00;2025-11-26 21:05:00
4205899828;EXAM;TP 3: Estrutura Condicional Encadeada;2024-10-09 18:05:00;2024-10-09 19:05:00
4208730374;ASSIGNMENT;Lab 0 - Primeiros passos com o Python - 2026-1;2026-03-17 08:00:00;2026-03-24 19:55:00
4209646913;EXAM;Exercício Avaliativo em Sala 05;2026-06-03 04:00:00;2026-06-03 04:00:00
4218057020;ASSIGNMENT;Lista Parsons 2 - Estruturas condicionais - Java;2026-05-05 22:00:00;2026-05-06 02:00:00
4223182003;EXAM;Prova Final;2025-12-17 18:05:00;2025-12-17 19:35:00
4226601324;EXAM;TP 1: Variáveis e Estrutura Sequencial;2025-09-08 22:10:00;2025-09-08 23:32:00
4231186424;EXAM;Exercicio Avaliativo em Sala 03;2025-09-11 04:00:00;2025-12-17 04:00:00
4231308493;ASSIGNMENT;L02 - Conteinêres e classes;2025-11-04 23:00:00;2026-01-02 03:55:00
4233856885;EXAM;TP 3: Estrutura Condicional Encadeada;2026-04-27 20:00:00;2026-04-27 21:55:00
4237845416;ASSIGNMENT;Segunda Lista de Exercícios 2024-2;2024-10-22 04:00:00;2024-11-23 03:55:00
4238172504;ASSIGNMENT;Estrutura Repetição - por contagem;2026-04-22 04:00:00;2026-05-31 04:00:00
4239615082;ASSIGNMENT;Extras 01 - Modularização: Funções;2025-08-27 22:00:00;2025-09-03 03:55:00
4241607785;ASSIGNMENT;Lab 2 - Estrutura Condicional Simples e Composta;2025-04-08 20:00:00;2025-04-22 19:55:00
4243960027;ASSIGNMENT;Extras 6 - Repetição por Contagem (for);2024-11-26 04:00:00;2024-12-05 11:00:00
4249284048;EXAM;TP Substitutivo;2024-12-10 12:00:00;2024-12-10 13:40:00
4255195025;ASSIGNMENT;Extras 6 - Repetição por Contagem (for);2025-11-25 04:00:00;2025-12-09 04:00:00
4257562735;ASSIGNMENT;Lab 3 - Estrutura Condicional Encadeada;2025-09-18 00:00:00;2025-09-30 00:10:00
4260130075;ASSIGNMENT;Lab 5;2025-08-20 03:00:00;2025-11-30 03:00:00
4260633773;EXAM;Exercicio Avaliativo em Sala 01;2025-05-21 04:00:00;2025-05-31 04:00:00
4269873056;EXAM;Exercicio Avaliativo em Sala 01;2025-08-26 22:00:00;2025-08-26 23:00:00
4270670054;ASSIGNMENT;Lab 0 - Primeiros passos com o Python;2024-08-20 04:00:00;2024-10-31 04:00:00
4275122544;EXAM;Exercicio Avaliativo em Sala 03;2025-09-25 22:00:00;2025-09-25 23:00:00
4277900399;ASSIGNMENT;Lista Parsons 1 - Estrutura sequencial - C;2026-01-19 04:00:00;2026-02-17 04:00:00
4281435073;ASSIGNMENT;Lab 1.2;2026-03-18 03:00:00;2026-04-30 03:00:00
4282033574;EXAM;Exercicio Avaliativo em Sala 02;2025-09-10 18:00:00;2025-09-15 18:00:00
4282353833;ASSIGNMENT;Lista 2 - Exercícios em Sala;2025-05-15 18:00:00;2025-05-23 03:55:00
4283491552;ASSIGNMENT;L2 -;2025-05-22 03:00:00;2025-12-01 03:00:00
4289503686;ASSIGNMENT;Prática 16 - Matrizes;2024-11-16 04:00:00;2024-12-30 04:00:00
4291972721;ASSIGNMENT;Lista Parsons 4 - Vetores e strings - Java;2026-04-17 04:00:00;2026-04-24 04:00:00
